sample_id,image_path,split,strip_id,batch_id,h2s_concentration_ppm,exposure_duration_min,cumulative_dose_ppm_hr,risk_band,label_source,source_citation,mapping_method,is_lab_validated,temperature_c,humidity_pct,lighting_type,distance_cm,device_model,flash_used,baseline_image_path,reference_patch_present,reference_patch_rgb_measured,reference_patch_rgb_known,corrected_strip_rgb,reference_patch_delta_e,lighting_uniformity_ok,quality_ok,protocol_version,notes
H2S-2026-0001,images/train/H2S-2026-0001_0ppm_baseline_daylight.png,train,STRIP-BATCHA-0ppm_baseline,BATCH-SYNTH-001,0.0,15.0,0.0,safe,literature_derived_proxy,Sanderson et al. (1966) J. Air Pollut. Control Assoc. – optical density vs CT; Hochheiser & Santner (1954) – lead-acetate paper calibration; classic PbS staining kinetics (white → brown → black with cumulative dose),"Discrete 9-stage lookup derived by linear interpolation of reported optical-density / reflectance values versus concentration×time product. Stages deliberately placed at 0, 5, 10, 15, 20, 30, 50, 75, 100 ppm to straddle NIOSH/OSHA decision boundaries. Duration fixed at 15 min for all synthetic exposures → dose_ppm_hr = ppm × 0.25.",False,21.0,51.2,daylight,10.0,Pixel_7,False,baselines/baseline_daylight.png,True,"[(251, 255, 254), (192, 185, 166), (221, 161, 100), (44, 31, 24)]","[(245, 245, 240), (160, 160, 155), (180, 140, 90), (40, 30, 25)]","(248, 245, 216)",0.0,False,True,SENTINEL-synthetic-v3-2026-09-15,synthetic Tier-B sample generated for pipeline testing
H2S-2026-0002,images/train/H2S-2026-0002_0ppm_baseline_daylight.png,train,STRIP-BATCHA-0ppm_baseline,BATCH-SYNTH-001,0.0,15.0,0.0,safe,literature_derived_proxy,Sanderson et al. (1966) J. Air Pollut. Control Assoc. – optical density vs CT; Hochheiser & Santner (1954) – lead-acetate paper calibration; classic PbS staining kinetics (white → brown → black with cumulative dose),"Discrete 9-stage lookup derived by linear interpolation of reported optical-density / reflectance values versus concentration×time product. Stages deliberately placed at 0, 5, 10, 15, 20, 30, 50, 75, 100 ppm to straddle NIOSH/OSHA decision boundaries. Duration fixed at 15 min for all synthetic exposures → dose_ppm_hr = ppm × 0.25.",False,23.0,55.2,daylight,20.0,Pixel_7,False,baselines/baseline_daylight.png,True,"[(254, 255, 255), (189, 185, 171), (218, 164, 96), (47, 36, 24)]","[(245, 245, 240), (160, 160, 155), (180, 140, 90), (40, 30, 25)]","(245, 245, 215)",0.0,True,True,SENTINEL-synthetic-v3-2026-09-15,synthetic Tier-B sample generated for pipeline testing
H2S-2026-0003,images/validation/H2S-2026-0003_0ppm_baseline_daylight.png,validation,STRIP-BATCHA-0ppm_baseline,BATCH-SYNTH-001,0.0,15.0,0.0,safe,literature_derived_proxy,Sanderson et al. (1966) J. Air Pollut. Control Assoc. – optical density vs CT; Hochheiser & Santner (1954) – lead-acetate paper calibration; classic PbS staining kinetics (white → brown → black with cumulative dose),"Discrete 9-stage lookup derived by linear interpolation of reported optical-density / reflectance values versus concentration×time product. Stages deliberately placed at 0, 5, 10, 15, 20, 30, 50, 75, 100 ppm to straddle NIOSH/OSHA decision boundaries. Duration fixed at 15 min for all synthetic exposures → dose_ppm_hr = ppm × 0.25.",False,21.9,46.3,daylight,15.0,Samsung_A54,False,baselines/baseline_daylight.png,True,"[(255, 252, 255), (190, 191, 169), (218, 163, 95), (44, 34, 27)]","[(245, 245, 240), (160, 160, 155), (180, 140, 90), (40, 30, 25)]","(245, 247, 215)",0.0,True,True,SENTINEL-synthetic-v3-2026-09-15,synthetic Tier-B sample generated for pipeline testing
H2S-2026-0004,images/validation/H2S-2026-0004_0ppm_baseline_LED.png,validation,STRIP-BATCHA-0ppm_baseline,BATCH-SYNTH-001,0.0,15.0,0.0,safe,literature_derived_proxy,Sanderson et al. (1966) J. Air Pollut. Control Assoc. – optical density vs CT; Hochheiser & Santner (1954) – lead-acetate paper calibration; classic PbS staining kinetics (white → brown → black with cumulative dose),"Discrete 9-stage lookup derived by linear interpolation of reported optical-density / reflectance values versus concentration×time product. Stages deliberately placed at 0, 5, 10, 15, 20, 30, 50, 75, 100 ppm to straddle NIOSH/OSHA decision boundaries. Duration fixed at 15 min for all synthetic exposures → dose_ppm_hr = ppm × 0.25.",False,21.1,43.1,LED,10.0,Pixel_7,False,baselines/baseline_LED.png,True,"[(238, 246, 255), (155, 160, 164), (174, 144, 96), (37, 33, 29)]","[(245, 245, 240), (160, 160, 155), (180, 140, 90), (40, 30, 25)]","(247, 233, 212)",1.41,True,True,SENTINEL-synthetic-v3-2026-09-15,synthetic Tier-B sample generated for pipeline testing
H2S-2026-0005,images/validation/H2S-2026-0005_0ppm_baseline_LED.png,validation,STRIP-BATCHA-0ppm_baseline,BATCH-SYNTH-001,0.0,15.0,0.0,safe,literature_derived_proxy,Sanderson et al. (1966) J. Air Pollut. Control Assoc. – optical density vs CT; Hochheiser & Santner (1954) – lead-acetate paper calibration; classic PbS staining kinetics (white → brown → black with cumulative dose),"Discrete 9-stage lookup derived by linear interpolation of reported optical-density / reflectance values versus concentration×time product. Stages deliberately placed at 0, 5, 10, 15, 20, 30, 50, 75, 100 ppm to straddle NIOSH/OSHA decision boundaries. Duration fixed at 15 min for all synthetic exposures → dose_ppm_hr = ppm × 0.25.",False,20.7,53.6,LED,20.0,Pixel_7,False,baselines/baseline_LED.png,True,"[(236, 244, 251), (157, 162, 167), (173, 139, 98), (38, 33, 29)]","[(245, 245, 240), (160, 160, 155), (180, 140, 90), (40, 30, 25)]","(249, 235, 215)",1.0,True,True,SENTINEL-synthetic-v3-2026-09-15,synthetic Tier-B sample generated for pipeline testing
H2S-2026-0006,images/train/H2S-2026-0006_0ppm_baseline_LED.png,train,STRIP-BATCHA-0ppm_baseline,BATCH-SYNTH-001,0.0,15.0,0.0,safe,literature_derived_proxy,Sanderson et al. (1966) J. Air Pollut. Control Assoc. – optical density vs CT; Hochheiser & Santner (1954) – lead-acetate paper calibration; classic PbS staining kinetics (white → brown → black with cumulative dose),"Discrete 9-stage lookup derived by linear interpolation of reported optical-density / reflectance values versus concentration×time product. Stages deliberately placed at 0, 5, 10, 15, 20, 30, 50, 75, 100 ppm to straddle NIOSH/OSHA decision boundaries. Duration fixed at 15 min for all synthetic exposures → dose_ppm_hr = ppm × 0.25.",False,21.9,59.9,LED,15.0,Samsung_A54,False,baselines/baseline_LED.png,True,"[(242, 247, 255), (155, 158, 171), (179, 137, 93), (36, 28, 25)]","[(245, 245, 240), (160, 160, 155), (180, 140, 90), (40, 30, 25)]","(243, 233, 212)",0.0,False,True,SENTINEL-synthetic-v3-2026-09-15,synthetic Tier-B sample generated for pipeline testing
H2S-2026-0007,images/holdout/H2S-2026-0007_0ppm_baseline_fluorescent.png,holdout,STRIP-BATCHA-0ppm_baseline,BATCH-SYNTH-001,0.0,15.0,0.0,safe,literature_derived_proxy,Sanderson et al. (1966) J. Air Pollut. Control Assoc. – optical density vs CT; Hochheiser & Santner (1954) – lead-acetate paper calibration; classic PbS staining kinetics (white → brown → black with cumulative dose),"Discrete 9-stage lookup derived by linear interpolation of reported optical-density / reflectance values versus concentration×time product. Stages deliberately placed at 0, 5, 10, 15, 20, 30, 50, 75, 100 ppm to straddle NIOSH/OSHA decision boundaries. Duration fixed at 15 min for all synthetic exposures → dose_ppm_hr = ppm × 0.25.",False,21.3,47.5,fluorescent,10.0,Pixel_7,False,baselines/baseline_fluorescent.png,True,"[(206, 231, 241), (128, 148, 157), (149, 133, 86), (33, 30, 22)]","[(245, 245, 240), (160, 160, 155), (180, 140, 90), (40, 30, 25)]","(240, 235, 206)",1.41,True,True,SENTINEL-synthetic-v3-2026-09-15,synthetic Tier-B sample generated for pipeline testing
H2S-2026-0008,images/holdout/H2S-2026-0008_0ppm_baseline_fluorescent.png,holdout,STRIP-BATCHA-0ppm_baseline,BATCH-SYNTH-001,0.0,15.0,0.0,safe,literature_derived_proxy,Sanderson et al. (1966) J. Air Pollut. Control Assoc. – optical density vs CT; Hochheiser & Santner (1954) – lead-acetate paper calibration; classic PbS staining kinetics (white → brown → black with cumulative dose),"Discrete 9-stage lookup derived by linear interpolation of reported optical-density / reflectance values versus concentration×time product. Stages deliberately placed at 0, 5, 10, 15, 20, 30, 50, 75, 100 ppm to straddle NIOSH/OSHA decision boundaries. Duration fixed at 15 min for all synthetic exposures → dose_ppm_hr = ppm × 0.25.",False,21.8,59.6,fluorescent,20.0,Pixel_7,False,baselines/baseline_fluorescent.png,True,"[(200, 235, 234), (132, 155, 152), (147, 133, 87), (37, 32, 20)]","[(245, 245, 240), (160, 160, 155), (180, 140, 90), (40, 30, 25)]","(247, 231, 212)",1.0,True,True,SENTINEL-synthetic-v3-2026-09-15,synthetic Tier-B sample generated for pipeline testing
H2S-2026-0009,images/holdout/H2S-2026-0009_0ppm_baseline_fluorescent.png,holdout,STRIP-BATCHA-0ppm_baseline,BATCH-SYNTH-001,0.0,15.0,0.0,safe,literature_derived_proxy,Sanderson et al. (1966) J. Air Pollut. Control Assoc. – optical density vs CT; Hochheiser & Santner (1954) – lead-acetate paper calibration; classic PbS staining kinetics (white → brown → black with cumulative dose),"Discrete 9-stage lookup derived by linear interpolation of reported optical-density / reflectance values versus concentration×time product. Stages deliberately placed at 0, 5, 10, 15, 20, 30, 50, 75, 100 ppm to straddle NIOSH/OSHA decision boundaries. Duration fixed at 15 min for all synthetic exposures → dose_ppm_hr = ppm × 0.25.",False,23.0,59.1,fluorescent,15.0,Samsung_A54,False,baselines/baseline_fluorescent.png,True,"[(202, 230, 233), (131, 148, 150), (152, 129, 93), (31, 26, 27)]","[(245, 245, 240), (160, 160, 155), (180, 140, 90), (40, 30, 25)]","(245, 236, 212)",0.0,True,True,SENTINEL-synthetic-v3-2026-09-15,synthetic Tier-B sample generated for pipeline testing
H2S-2026-0010,images/test/H2S-2026-0010_0ppm_baseline_dim_indoor.png,test,STRIP-BATCHA-0ppm_baseline,BATCH-SYNTH-001,0.0,15.0,0.0,safe,literature_derived_proxy,Sanderson et al. (1966) J. Air Pollut. Control Assoc. – optical density vs CT; Hochheiser & Santner (1954) – lead-acetate paper calibration; classic PbS staining kinetics (white → brown → black with cumulative dose),"Discrete 9-stage lookup derived by linear interpolation of reported optical-density / reflectance values versus concentration×time product. Stages deliberately placed at 0, 5, 10, 15, 20, 30, 50, 75, 100 ppm to straddle NIOSH/OSHA decision boundaries. Duration fixed at 15 min for all synthetic exposures → dose_ppm_hr = ppm × 0.25.",False,20.0,52.7,dim_indoor,10.0,Pixel_7,False,baselines/baseline_dim_indoor.png,True,"[(174, 151, 134), (115, 101, 89), (131, 83, 48), (27, 15, 14)]","[(245, 245, 240), (160, 160, 155), (180, 140, 90), (40, 30, 25)]","(246, 235, 207)",0.0,True,True,SENTINEL-synthetic-v3-2026-09-15,synthetic Tier-B sample generated for pipeline testing
H2S-2026-0011,images/train/H2S-2026-0011_0ppm_baseline_dim_indoor.png,train,STRIP-BATCHA-0ppm_baseline,BATCH-SYNTH-001,0.0,15.0,0.0,safe,literature_derived_proxy,Sanderson et al. (1966) J. Air Pollut. Control Assoc. – optical density vs CT; Hochheiser & Santner (1954) – lead-acetate paper calibration; classic PbS staining kinetics (white → brown → black with cumulative dose),"Discrete 9-stage lookup derived by linear interpolation of reported optical-density / reflectance values versus concentration×time product. Stages deliberately placed at 0, 5, 10, 15, 20, 30, 50, 75, 100 ppm to straddle NIOSH/OSHA decision boundaries. Duration fixed at 15 min for all synthetic exposures → dose_ppm_hr = ppm × 0.25.",False,20.5,51.5,dim_indoor,20.0,Pixel_7,False,baselines/baseline_dim_indoor.png,True,"[(172, 147, 133), (111, 102, 84), (128, 89, 48), (32, 16, 16)]","[(245, 245, 240), (160, 160, 155), (180, 140, 90), (40, 30, 25)]","(249, 241, 208)",0.0,True,True,SENTINEL-synthetic-v3-2026-09-15,synthetic Tier-B sample generated for pipeline testing
H2S-2026-0012,images/train/H2S-2026-0012_0ppm_baseline_dim_indoor.png,train,STRIP-BATCHA-0ppm_baseline,BATCH-SYNTH-001,0.0,15.0,0.0,safe,literature_derived_proxy,Sanderson et al. (1966) J. Air Pollut. Control Assoc. – optical density vs CT; Hochheiser & Santner (1954) – lead-acetate paper calibration; classic PbS staining kinetics (white → brown → black with cumulative dose),"Discrete 9-stage lookup derived by linear interpolation of reported optical-density / reflectance values versus concentration×time product. Stages deliberately placed at 0, 5, 10, 15, 20, 30, 50, 75, 100 ppm to straddle NIOSH/OSHA decision boundaries. Duration fixed at 15 min for all synthetic exposures → dose_ppm_hr = ppm × 0.25.",False,21.2,58.1,dim_indoor,15.0,Samsung_A54,False,baselines/baseline_dim_indoor.png,True,"[(177, 154, 128), (111, 94, 87), (129, 83, 48), (27, 17, 17)]","[(245, 245, 240), (160, 160, 155), (180, 140, 90), (40, 30, 25)]","(242, 230, 216)",0.0,True,True,SENTINEL-synthetic-v3-2026-09-15,synthetic Tier-B sample generated for pipeline testing
H2S-2026-0013,images/train/H2S-2026-0013_5ppm_daylight.png,train,STRIP-BATCHA-5ppm,BATCH-SYNTH-001,5.0,15.0,1.25,safe,literature_derived_proxy,Sanderson et al. (1966) J. Air Pollut. Control Assoc. – optical density vs CT; Hochheiser & Santner (1954) – lead-acetate paper calibration; classic PbS staining kinetics (white → brown → black with cumulative dose),"Discrete 9-stage lookup derived by linear interpolation of reported optical-density / reflectance values versus concentration×time product. Stages deliberately placed at 0, 5, 10, 15, 20, 30, 50, 75, 100 ppm to straddle NIOSH/OSHA decision boundaries. Duration fixed at 15 min for all synthetic exposures → dose_ppm_hr = ppm × 0.25.",False,20.0,44.8,daylight,10.0,Pixel_7,False,baselines/baseline_daylight.png,True,"[(255, 252, 251), (197, 183, 166), (216, 162, 100), (51, 38, 26)]","[(245, 245, 240), (160, 160, 155), (180, 140, 90), (40, 30, 25)]","(245, 237, 195)",0.0,True,True,SENTINEL-synthetic-v3-2026-09-15,synthetic Tier-B sample generated for pipeline testing
H2S-2026-0014,images/test/H2S-2026-0014_5ppm_daylight.png,test,STRIP-BATCHA-5ppm,BATCH-SYNTH-001,5.0,15.0,1.25,safe,literature_derived_proxy,Sanderson et al. (1966) J. Air Pollut. Control Assoc. – optical density vs CT; Hochheiser & Santner (1954) – lead-acetate paper calibration; classic PbS staining kinetics (white → brown → black with cumulative dose),"Discrete 9-stage lookup derived by linear interpolation of reported optical-density / reflectance values versus concentration×time product. Stages deliberately placed at 0, 5, 10, 15, 20, 30, 50, 75, 100 ppm to straddle NIOSH/OSHA decision boundaries. Duration fixed at 15 min for all synthetic exposures → dose_ppm_hr = ppm × 0.25.",False,22.5,56.3,daylight,20.0,Pixel_7,False,baselines/baseline_daylight.png,True,"[(255, 255, 255), (197, 190, 167), (216, 164, 97), (44, 39, 23)]","[(245, 245, 240), (160, 160, 155), (180, 140, 90), (40, 30, 25)]","(245, 235, 192)",0.0,True,True,SENTINEL-synthetic-v3-2026-09-15,synthetic Tier-B sample generated for pipeline testing
H2S-2026-0015,images/train/H2S-2026-0015_5ppm_daylight.png,train,STRIP-BATCHA-5ppm,BATCH-SYNTH-001,5.0,15.0,1.25,safe,literature_derived_proxy,Sanderson et al. (1966) J. Air Pollut. Control Assoc. – optical density vs CT; Hochheiser & Santner (1954) – lead-acetate paper calibration; classic PbS staining kinetics (white → brown → black with cumulative dose),"Discrete 9-stage lookup derived by linear interpolation of reported optical-density / reflectance values versus concentration×time product. Stages deliberately placed at 0, 5, 10, 15, 20, 30, 50, 75, 100 ppm to straddle NIOSH/OSHA decision boundaries. Duration fixed at 15 min for all synthetic exposures → dose_ppm_hr = ppm × 0.25.",False,21.3,51.7,daylight,15.0,Samsung_A54,False,baselines/baseline_daylight.png,True,"[(255, 252, 253), (190, 184, 168), (219, 161, 97), (44, 32, 29)]","[(245, 245, 240), (160, 160, 155), (180, 140, 90), (40, 30, 25)]","(245, 238, 192)",0.0,True,True,SENTINEL-synthetic-v3-2026-09-15,synthetic Tier-B sample generated for pipeline testing
H2S-2026-0016,images/train/H2S-2026-0016_5ppm_LED.png,train,STRIP-BATCHA-5ppm,BATCH-SYNTH-001,5.0,15.0,1.25,safe,literature_derived_proxy,Sanderson et al. (1966) J. Air Pollut. Control Assoc. – optical density vs CT; Hochheiser & Santner (1954) – lead-acetate paper calibration; classic PbS staining kinetics (white → brown → black with cumulative dose),"Discrete 9-stage lookup derived by linear interpolation of reported optical-density / reflectance values versus concentration×time product. Stages deliberately placed at 0, 5, 10, 15, 20, 30, 50, 75, 100 ppm to straddle NIOSH/OSHA decision boundaries. Duration fixed at 15 min for all synthetic exposures → dose_ppm_hr = ppm × 0.25.",False,24.4,57.0,LED,10.0,Pixel_7,False,baselines/baseline_LED.png,True,"[(240, 247, 253), (156, 163, 168), (173, 136, 100), (36, 27, 31)]","[(245, 245, 240), (160, 160, 155), (180, 140, 90), (40, 30, 25)]","(218, 207, 189)",0.0,True,True,SENTINEL-synthetic-v3-2026-09-15,synthetic Tier-B sample generated for pipeline testing
H2S-2026-0017,images/train/H2S-2026-0017_5ppm_LED.png,train,STRIP-BATCHA-5ppm,BATCH-SYNTH-001,5.0,15.0,1.25,safe,literature_derived_proxy,Sanderson et al. (1966) J. Air Pollut. Control Assoc. – optical density vs CT; Hochheiser & Santner (1954) – lead-acetate paper calibration; classic PbS staining kinetics (white → brown → black with cumulative dose),"Discrete 9-stage lookup derived by linear interpolation of reported optical-density / reflectance values versus concentration×time product. Stages deliberately placed at 0, 5, 10, 15, 20, 30, 50, 75, 100 ppm to straddle NIOSH/OSHA decision boundaries. Duration fixed at 15 min for all synthetic exposures → dose_ppm_hr = ppm × 0.25.",False,21.4,40.3,LED,20.0,Pixel_7,False,baselines/baseline_LED.png,True,"[(238, 248, 255), (156, 164, 163), (180, 140, 94), (37, 30, 24)]","[(245, 245, 240), (160, 160, 155), (180, 140, 90), (40, 30, 25)]","(220, 206, 189)",1.0,True,True,SENTINEL-synthetic-v3-2026-09-15,synthetic Tier-B sample generated for pipeline testing
H2S-2026-0018,images/train/H2S-2026-0018_5ppm_LED.png,train,STRIP-BATCHA-5ppm,BATCH-SYNTH-001,5.0,15.0,1.25,safe,literature_derived_proxy,Sanderson et al. (1966) J. Air Pollut. Control Assoc. – optical density vs CT; Hochheiser & Santner (1954) – lead-acetate paper calibration; classic PbS staining kinetics (white → brown → black with cumulative dose),"Discrete 9-stage lookup derived by linear interpolation of reported optical-density / reflectance values versus concentration×time product. Stages deliberately placed at 0, 5, 10, 15, 20, 30, 50, 75, 100 ppm to straddle NIOSH/OSHA decision boundaries. Duration fixed at 15 min for all synthetic exposures → dose_ppm_hr = ppm × 0.25.",False,22.8,45.7,LED,15.0,Samsung_A54,False,baselines/baseline_LED.png,True,"[(240, 249, 255), (156, 156, 164), (178, 140, 93), (35, 31, 25)]","[(245, 245, 240), (160, 160, 155), (180, 140, 90), (40, 30, 25)]","(219, 205, 189)",0.0,True,True,SENTINEL-synthetic-v3-2026-09-15,synthetic Tier-B sample generated for pipeline testing
H2S-2026-0019,images/holdout/H2S-2026-0019_5ppm_fluorescent.png,holdout,STRIP-BATCHA-5ppm,BATCH-SYNTH-001,5.0,15.0,1.25,safe,literature_derived_proxy,Sanderson et al. (1966) J. Air Pollut. Control Assoc. – optical density vs CT; Hochheiser & Santner (1954) – lead-acetate paper calibration; classic PbS staining kinetics (white → brown → black with cumulative dose),"Discrete 9-stage lookup derived by linear interpolation of reported optical-density / reflectance values versus concentration×time product. Stages deliberately placed at 0, 5, 10, 15, 20, 30, 50, 75, 100 ppm to straddle NIOSH/OSHA decision boundaries. Duration fixed at 15 min for all synthetic exposures → dose_ppm_hr = ppm × 0.25.",False,24.3,57.5,fluorescent,10.0,Pixel_7,False,baselines/baseline_fluorescent.png,True,"[(198, 228, 234), (130, 155, 149), (150, 136, 87), (35, 26, 20)]","[(245, 245, 240), (160, 160, 155), (180, 140, 90), (40, 30, 25)]","(223, 212, 190)",0.0,True,True,SENTINEL-synthetic-v3-2026-09-15,synthetic Tier-B sample generated for pipeline testing
H2S-2026-0020,images/holdout/H2S-2026-0020_5ppm_fluorescent.png,holdout,STRIP-BATCHA-5ppm,BATCH-SYNTH-001,5.0,15.0,1.25,safe,literature_derived_proxy,Sanderson et al. (1966) J. Air Pollut. Control Assoc. – optical density vs CT; Hochheiser & Santner (1954) – lead-acetate paper calibration; classic PbS staining kinetics (white → brown → black with cumulative dose),"Discrete 9-stage lookup derived by linear interpolation of reported optical-density / reflectance values versus concentration×time product. Stages deliberately placed at 0, 5, 10, 15, 20, 30, 50, 75, 100 ppm to straddle NIOSH/OSHA decision boundaries. Duration fixed at 15 min for all synthetic exposures → dose_ppm_hr = ppm × 0.25.",False,22.1,51.7,fluorescent,20.0,Pixel_7,False,baselines/baseline_fluorescent.png,True,"[(201, 230, 234), (133, 155, 155), (147, 131, 87), (31, 30, 20)]","[(245, 245, 240), (160, 160, 155), (180, 140, 90), (40, 30, 25)]","(220, 209, 190)",0.0,True,True,SENTINEL-synthetic-v3-2026-09-15,synthetic Tier-B sample generated for pipeline testing
H2S-2026-0021,images/holdout/H2S-2026-0021_5ppm_fluorescent.png,holdout,STRIP-BATCHA-5ppm,BATCH-SYNTH-001,5.0,15.0,1.25,safe,literature_derived_proxy,Sanderson et al. (1966) J. Air Pollut. Control Assoc. – optical density vs CT; Hochheiser & Santner (1954) – lead-acetate paper calibration; classic PbS staining kinetics (white → brown → black with cumulative dose),"Discrete 9-stage lookup derived by linear interpolation of reported optical-density / reflectance values versus concentration×time product. Stages deliberately placed at 0, 5, 10, 15, 20, 30, 50, 75, 100 ppm to straddle NIOSH/OSHA decision boundaries. Duration fixed at 15 min for all synthetic exposures → dose_ppm_hr = ppm × 0.25.",False,23.3,45.0,fluorescent,15.0,Samsung_A54,False,baselines/baseline_fluorescent.png,True,"[(201, 231, 235), (129, 153, 149), (152, 131, 88), (36, 29, 24)]","[(245, 245, 240), (160, 160, 155), (180, 140, 90), (40, 30, 25)]","(220, 208, 189)",0.0,True,True,SENTINEL-synthetic-v3-2026-09-15,synthetic Tier-B sample generated for pipeline testing
H2S-2026-0022,images/train/H2S-2026-0022_5ppm_dim_indoor.png,train,STRIP-BATCHA-5ppm,BATCH-SYNTH-001,5.0,15.0,1.25,safe,literature_derived_proxy,Sanderson et al. (1966) J. Air Pollut. Control Assoc. – optical density vs CT; Hochheiser & Santner (1954) – lead-acetate paper calibration; classic PbS staining kinetics (white → brown → black with cumulative dose),"Discrete 9-stage lookup derived by linear interpolation of reported optical-density / reflectance values versus concentration×time product. Stages deliberately placed at 0, 5, 10, 15, 20, 30, 50, 75, 100 ppm to straddle NIOSH/OSHA decision boundaries. Duration fixed at 15 min for all synthetic exposures → dose_ppm_hr = ppm × 0.25.",False,23.9,45.9,dim_indoor,10.0,Pixel_7,False,baselines/baseline_dim_indoor.png,True,"[(172, 151, 133), (118, 100, 89), (129, 82, 46), (28, 16, 13)]","[(245, 245, 240), (160, 160, 155), (180, 140, 90), (40, 30, 25)]","(222, 209, 186)",0.0,True,True,SENTINEL-synthetic-v3-2026-09-15,synthetic Tier-B sample generated for pipeline testing
H2S-2026-0023,images/test/H2S-2026-0023_5ppm_dim_indoor.png,test,STRIP-BATCHA-5ppm,BATCH-SYNTH-001,5.0,15.0,1.25,safe,literature_derived_proxy,Sanderson et al. (1966) J. Air Pollut. Control Assoc. – optical density vs CT; Hochheiser & Santner (1954) – lead-acetate paper calibration; classic PbS staining kinetics (white → brown → black with cumulative dose),"Discrete 9-stage lookup derived by linear interpolation of reported optical-density / reflectance values versus concentration×time product. Stages deliberately placed at 0, 5, 10, 15, 20, 30, 50, 75, 100 ppm to straddle NIOSH/OSHA decision boundaries. Duration fixed at 15 min for all synthetic exposures → dose_ppm_hr = ppm × 0.25.",False,21.6,56.2,dim_indoor,20.0,Pixel_7,False,baselines/baseline_dim_indoor.png,True,"[(172, 153, 131), (114, 94, 87), (124, 90, 53), (27, 19, 15)]","[(245, 245, 240), (160, 160, 155), (180, 140, 90), (40, 30, 25)]","(222, 206, 188)",0.0,True,True,SENTINEL-synthetic-v3-2026-09-15,synthetic Tier-B sample generated for pipeline testing
H2S-2026-0024,images/validation/H2S-2026-0024_5ppm_dim_indoor.png,validation,STRIP-BATCHA-5ppm,BATCH-SYNTH-001,5.0,15.0,1.25,safe,literature_derived_proxy,Sanderson et al. (1966) J. Air Pollut. Control Assoc. – optical density vs CT; Hochheiser & Santner (1954) – lead-acetate paper calibration; classic PbS staining kinetics (white → brown → black with cumulative dose),"Discrete 9-stage lookup derived by linear interpolation of reported optical-density / reflectance values versus concentration×time product. Stages deliberately placed at 0, 5, 10, 15, 20, 30, 50, 75, 100 ppm to straddle NIOSH/OSHA decision boundaries. Duration fixed at 15 min for all synthetic exposures → dose_ppm_hr = ppm × 0.25.",False,21.5,48.7,dim_indoor,15.0,Samsung_A54,False,baselines/baseline_dim_indoor.png,True,"[(175, 155, 132), (116, 99, 87), (128, 90, 47), (27, 20, 15)]","[(245, 245, 240), (160, 160, 155), (180, 140, 90), (40, 30, 25)]","(218, 203, 186)",0.0,True,True,SENTINEL-synthetic-v3-2026-09-15,synthetic Tier-B sample generated for pipeline testing
H2S-2026-0025,images/train/H2S-2026-0025_10ppm_daylight.png,train,STRIP-BATCHA-10ppm,BATCH-SYNTH-001,10.0,15.0,2.5,caution,literature_derived_proxy,Sanderson et al. (1966) J. Air Pollut. Control Assoc. – optical density vs CT; Hochheiser & Santner (1954) – lead-acetate paper calibration; classic PbS staining kinetics (white → brown → black with cumulative dose),"Discrete 9-stage lookup derived by linear interpolation of reported optical-density / reflectance values versus concentration×time product. Stages deliberately placed at 0, 5, 10, 15, 20, 30, 50, 75, 100 ppm to straddle NIOSH/OSHA decision boundaries. Duration fixed at 15 min for all synthetic exposures → dose_ppm_hr = ppm × 0.25.",False,20.5,58.8,daylight,10.0,Pixel_7,False,baselines/baseline_daylight.png,True,"[(255, 254, 255), (194, 190, 172), (220, 163, 102), (51, 33, 24)]","[(245, 245, 240), (160, 160, 155), (180, 140, 90), (40, 30, 25)]","(234, 218, 178)",0.0,True,True,SENTINEL-synthetic-v3-2026-09-15,synthetic Tier-B sample generated for pipeline testing
H2S-2026-0026,images/train/H2S-2026-0026_10ppm_daylight.png,train,STRIP-BATCHA-10ppm,BATCH-SYNTH-001,10.0,15.0,2.5,caution,literature_derived_proxy,Sanderson et al. (1966) J. Air Pollut. Control Assoc. – optical density vs CT; Hochheiser & Santner (1954) – lead-acetate paper calibration; classic PbS staining kinetics (white → brown → black with cumulative dose),"Discrete 9-stage lookup derived by linear interpolation of reported optical-density / reflectance values versus concentration×time product. Stages deliberately placed at 0, 5, 10, 15, 20, 30, 50, 75, 100 ppm to straddle NIOSH/OSHA decision boundaries. Duration fixed at 15 min for all synthetic exposures → dose_ppm_hr = ppm × 0.25.",False,20.7,52.2,daylight,20.0,Pixel_7,False,baselines/baseline_daylight.png,True,"[(255, 254, 254), (191, 183, 165), (216, 167, 95), (51, 37, 26)]","[(245, 245, 240), (160, 160, 155), (180, 140, 90), (40, 30, 25)]","(234, 218, 178)",0.0,True,True,SENTINEL-synthetic-v3-2026-09-15,synthetic Tier-B sample generated for pipeline testing
H2S-2026-0027,images/test/H2S-2026-0027_10ppm_daylight.png,test,STRIP-BATCHA-10ppm,BATCH-SYNTH-001,10.0,15.0,2.5,caution,literature_derived_proxy,Sanderson et al. (1966) J. Air Pollut. Control Assoc. – optical density vs CT; Hochheiser & Santner (1954) – lead-acetate paper calibration; classic PbS staining kinetics (white → brown → black with cumulative dose),"Discrete 9-stage lookup derived by linear interpolation of reported optical-density / reflectance values versus concentration×time product. Stages deliberately placed at 0, 5, 10, 15, 20, 30, 50, 75, 100 ppm to straddle NIOSH/OSHA decision boundaries. Duration fixed at 15 min for all synthetic exposures → dose_ppm_hr = ppm × 0.25.",False,23.0,58.8,daylight,15.0,Samsung_A54,False,baselines/baseline_daylight.png,True,"[(252, 255, 254), (191, 191, 172), (213, 168, 97), (45, 38, 25)]","[(245, 245, 240), (160, 160, 155), (180, 140, 90), (40, 30, 25)]","(238, 217, 178)",0.0,True,True,SENTINEL-synthetic-v3-2026-09-15,synthetic Tier-B sample generated for pipeline testing
H2S-2026-0028,images/test/H2S-2026-0028_10ppm_LED.png,test,STRIP-BATCHA-10ppm,BATCH-SYNTH-001,10.0,15.0,2.5,caution,literature_derived_proxy,Sanderson et al. (1966) J. Air Pollut. Control Assoc. – optical density vs CT; Hochheiser & Santner (1954) – lead-acetate paper calibration; classic PbS staining kinetics (white → brown → black with cumulative dose),"Discrete 9-stage lookup derived by linear interpolation of reported optical-density / reflectance values versus concentration×time product. Stages deliberately placed at 0, 5, 10, 15, 20, 30, 50, 75, 100 ppm to straddle NIOSH/OSHA decision boundaries. Duration fixed at 15 min for all synthetic exposures → dose_ppm_hr = ppm × 0.25.",False,21.4,41.8,LED,10.0,Pixel_7,False,baselines/baseline_LED.png,True,"[(244, 247, 255), (159, 158, 170), (179, 140, 96), (39, 34, 30)]","[(245, 245, 240), (160, 160, 155), (180, 140, 90), (40, 30, 25)]","(199, 191, 174)",1.0,True,True,SENTINEL-synthetic-v3-2026-09-15,synthetic Tier-B sample generated for pipeline testing
H2S-2026-0029,images/train/H2S-2026-0029_10ppm_LED.png,train,STRIP-BATCHA-10ppm,BATCH-SYNTH-001,10.0,15.0,2.5,caution,literature_derived_proxy,Sanderson et al. (1966) J. Air Pollut. Control Assoc. – optical density vs CT; Hochheiser & Santner (1954) – lead-acetate paper calibration; classic PbS staining kinetics (white → brown → black with cumulative dose),"Discrete 9-stage lookup derived by linear interpolation of reported optical-density / reflectance values versus concentration×time product. Stages deliberately placed at 0, 5, 10, 15, 20, 30, 50, 75, 100 ppm to straddle NIOSH/OSHA decision boundaries. Duration fixed at 15 min for all synthetic exposures → dose_ppm_hr = ppm × 0.25.",False,22.1,57.6,LED,20.0,Pixel_7,False,baselines/baseline_LED.png,True,"[(244, 242, 253), (154, 159, 169), (174, 139, 94), (41, 32, 28)]","[(245, 245, 240), (160, 160, 155), (180, 140, 90), (40, 30, 25)]","(198, 195, 175)",1.0,True,True,SENTINEL-synthetic-v3-2026-09-15,synthetic Tier-B sample generated for pipeline testing
H2S-2026-0030,images/train/H2S-2026-0030_10ppm_LED.png,train,STRIP-BATCHA-10ppm,BATCH-SYNTH-001,10.0,15.0,2.5,caution,literature_derived_proxy,Sanderson et al. (1966) J. Air Pollut. Control Assoc. – optical density vs CT; Hochheiser & Santner (1954) – lead-acetate paper calibration; classic PbS staining kinetics (white → brown → black with cumulative dose),"Discrete 9-stage lookup derived by linear interpolation of reported optical-density / reflectance values versus concentration×time product. Stages deliberately placed at 0, 5, 10, 15, 20, 30, 50, 75, 100 ppm to straddle NIOSH/OSHA decision boundaries. Duration fixed at 15 min for all synthetic exposures → dose_ppm_hr = ppm × 0.25.",False,21.7,52.0,LED,15.0,Samsung_A54,False,baselines/baseline_LED.png,True,"[(236, 247, 255), (152, 161, 167), (178, 142, 101), (43, 29, 30)]","[(245, 245, 240), (160, 160, 155), (180, 140, 90), (40, 30, 25)]","(204, 192, 174)",0.0,False,True,SENTINEL-synthetic-v3-2026-09-15,synthetic Tier-B sample generated for pipeline testing
H2S-2026-0031,images/holdout/H2S-2026-0031_10ppm_fluorescent.png,holdout,STRIP-BATCHA-10ppm,BATCH-SYNTH-001,10.0,15.0,2.5,caution,literature_derived_proxy,Sanderson et al. (1966) J. Air Pollut. Control Assoc. – optical density vs CT; Hochheiser & Santner (1954) – lead-acetate paper calibration; classic PbS staining kinetics (white → brown → black with cumulative dose),"Discrete 9-stage lookup derived by linear interpolation of reported optical-density / reflectance values versus concentration×time product. Stages deliberately placed at 0, 5, 10, 15, 20, 30, 50, 75, 100 ppm to straddle NIOSH/OSHA decision boundaries. Duration fixed at 15 min for all synthetic exposures → dose_ppm_hr = ppm × 0.25.",False,22.3,43.4,fluorescent,10.0,Pixel_7,False,baselines/baseline_fluorescent.png,True,"[(204, 229, 240), (130, 155, 149), (151, 128, 86), (35, 26, 27)]","[(245, 245, 240), (160, 160, 155), (180, 140, 90), (40, 30, 25)]","(201, 196, 170)",1.41,True,True,SENTINEL-synthetic-v3-2026-09-15,synthetic Tier-B sample generated for pipeline testing
H2S-2026-0032,images/holdout/H2S-2026-0032_10ppm_fluorescent.png,holdout,STRIP-BATCHA-10ppm,BATCH-SYNTH-001,10.0,15.0,2.5,caution,literature_derived_proxy,Sanderson et al. (1966) J. Air Pollut. Control Assoc. – optical density vs CT; Hochheiser & Santner (1954) – lead-acetate paper calibration; classic PbS staining kinetics (white → brown → black with cumulative dose),"Discrete 9-stage lookup derived by linear interpolation of reported optical-density / reflectance values versus concentration×time product. Stages deliberately placed at 0, 5, 10, 15, 20, 30, 50, 75, 100 ppm to straddle NIOSH/OSHA decision boundaries. Duration fixed at 15 min for all synthetic exposures → dose_ppm_hr = ppm × 0.25.",False,24.7,40.0,fluorescent,20.0,Pixel_7,False,baselines/baseline_fluorescent.png,True,"[(204, 231, 239), (132, 148, 156), (145, 136, 85), (34, 27, 21)]","[(245, 245, 240), (160, 160, 155), (180, 140, 90), (40, 30, 25)]","(201, 194, 172)",0.0,True,True,SENTINEL-synthetic-v3-2026-09-15,synthetic Tier-B sample generated for pipeline testing
H2S-2026-0033,images/holdout/H2S-2026-0033_10ppm_fluorescent.png,holdout,STRIP-BATCHA-10ppm,BATCH-SYNTH-001,10.0,15.0,2.5,caution,literature_derived_proxy,Sanderson et al. (1966) J. Air Pollut. Control Assoc. – optical density vs CT; Hochheiser & Santner (1954) – lead-acetate paper calibration; classic PbS staining kinetics (white → brown → black with cumulative dose),"Discrete 9-stage lookup derived by linear interpolation of reported optical-density / reflectance values versus concentration×time product. Stages deliberately placed at 0, 5, 10, 15, 20, 30, 50, 75, 100 ppm to straddle NIOSH/OSHA decision boundaries. Duration fixed at 15 min for all synthetic exposures → dose_ppm_hr = ppm × 0.25.",False,22.9,58.2,fluorescent,15.0,Samsung_A54,False,baselines/baseline_fluorescent.png,True,"[(198, 229, 236), (130, 154, 150), (148, 135, 89), (34, 26, 21)]","[(245, 245, 240), (160, 160, 155), (180, 140, 90), (40, 30, 25)]","(207, 196, 175)",1.0,True,True,SENTINEL-synthetic-v3-2026-09-15,synthetic Tier-B sample generated for pipeline testing
H2S-2026-0034,images/train/H2S-2026-0034_10ppm_dim_indoor.png,train,STRIP-BATCHA-10ppm,BATCH-SYNTH-001,10.0,15.0,2.5,caution,literature_derived_proxy,Sanderson et al. (1966) J. Air Pollut. Control Assoc. – optical density vs CT; Hochheiser & Santner (1954) – lead-acetate paper calibration; classic PbS staining kinetics (white → brown → black with cumulative dose),"Discrete 9-stage lookup derived by linear interpolation of reported optical-density / reflectance values versus concentration×time product. Stages deliberately placed at 0, 5, 10, 15, 20, 30, 50, 75, 100 ppm to straddle NIOSH/OSHA decision boundaries. Duration fixed at 15 min for all synthetic exposures → dose_ppm_hr = ppm × 0.25.",False,20.1,45.5,dim_indoor,10.0,Pixel_7,False,baselines/baseline_dim_indoor.png,True,"[(177, 153, 131), (111, 97, 82), (128, 83, 45), (29, 22, 15)]","[(245, 245, 240), (160, 160, 155), (180, 140, 90), (40, 30, 25)]","(200, 189, 173)",0.0,True,True,SENTINEL-synthetic-v3-2026-09-15,synthetic Tier-B sample generated for pipeline testing
H2S-2026-0035,images/train/H2S-2026-0035_10ppm_dim_indoor.png,train,STRIP-BATCHA-10ppm,BATCH-SYNTH-001,10.0,15.0,2.5,caution,literature_derived_proxy,Sanderson et al. (1966) J. Air Pollut. Control Assoc. – optical density vs CT; Hochheiser & Santner (1954) – lead-acetate paper calibration; classic PbS staining kinetics (white → brown → black with cumulative dose),"Discrete 9-stage lookup derived by linear interpolation of reported optical-density / reflectance values versus concentration×time product. Stages deliberately placed at 0, 5, 10, 15, 20, 30, 50, 75, 100 ppm to straddle NIOSH/OSHA decision boundaries. Duration fixed at 15 min for all synthetic exposures → dose_ppm_hr = ppm × 0.25.",False,21.2,58.4,dim_indoor,20.0,Pixel_7,False,baselines/baseline_dim_indoor.png,True,"[(177, 152, 135), (112, 100, 83), (132, 86, 53), (31, 21, 15)]","[(245, 245, 240), (160, 160, 155), (180, 140, 90), (40, 30, 25)]","(200, 190, 168)",0.0,True,True,SENTINEL-synthetic-v3-2026-09-15,synthetic Tier-B sample generated for pipeline testing
H2S-2026-0036,images/train/H2S-2026-0036_10ppm_dim_indoor.png,train,STRIP-BATCHA-10ppm,BATCH-SYNTH-001,10.0,15.0,2.5,caution,literature_derived_proxy,Sanderson et al. (1966) J. Air Pollut. Control Assoc. – optical density vs CT; Hochheiser & Santner (1954) – lead-acetate paper calibration; classic PbS staining kinetics (white → brown → black with cumulative dose),"Discrete 9-stage lookup derived by linear interpolation of reported optical-density / reflectance values versus concentration×time product. Stages deliberately placed at 0, 5, 10, 15, 20, 30, 50, 75, 100 ppm to straddle NIOSH/OSHA decision boundaries. Duration fixed at 15 min for all synthetic exposures → dose_ppm_hr = ppm × 0.25.",False,23.5,41.9,dim_indoor,15.0,Samsung_A54,False,baselines/baseline_dim_indoor.png,True,"[(178, 150, 135), (116, 99, 81), (131, 87, 47), (31, 17, 14)]","[(245, 245, 240), (160, 160, 155), (180, 140, 90), (40, 30, 25)]","(198, 194, 168)",0.0,True,True,SENTINEL-synthetic-v3-2026-09-15,synthetic Tier-B sample generated for pipeline testing
H2S-2026-0037,images/train/H2S-2026-0037_15ppm_daylight.png,train,STRIP-BATCHA-15ppm,BATCH-SYNTH-001,15.0,15.0,3.75,caution,literature_derived_proxy,Sanderson et al. (1966) J. Air Pollut. Control Assoc. – optical density vs CT; Hochheiser & Santner (1954) – lead-acetate paper calibration; classic PbS staining kinetics (white → brown → black with cumulative dose),"Discrete 9-stage lookup derived by linear interpolation of reported optical-density / reflectance values versus concentration×time product. Stages deliberately placed at 0, 5, 10, 15, 20, 30, 50, 75, 100 ppm to straddle NIOSH/OSHA decision boundaries. Duration fixed at 15 min for all synthetic exposures → dose_ppm_hr = ppm × 0.25.",False,23.3,44.2,daylight,10.0,Pixel_7,False,baselines/baseline_daylight.png,True,"[(254, 252, 254), (195, 190, 173), (216, 167, 101), (51, 31, 24)]","[(245, 245, 240), (160, 160, 155), (180, 140, 90), (40, 30, 25)]","(218, 205, 165)",0.0,True,True,SENTINEL-synthetic-v3-2026-09-15,synthetic Tier-B sample generated for pipeline testing
H2S-2026-0038,images/train/H2S-2026-0038_15ppm_daylight.png,train,STRIP-BATCHA-15ppm,BATCH-SYNTH-001,15.0,15.0,3.75,caution,literature_derived_proxy,Sanderson et al. (1966) J. Air Pollut. Control Assoc. – optical density vs CT; Hochheiser & Santner (1954) – lead-acetate paper calibration; classic PbS staining kinetics (white → brown → black with cumulative dose),"Discrete 9-stage lookup derived by linear interpolation of reported optical-density / reflectance values versus concentration×time product. Stages deliberately placed at 0, 5, 10, 15, 20, 30, 50, 75, 100 ppm to straddle NIOSH/OSHA decision boundaries. Duration fixed at 15 min for all synthetic exposures → dose_ppm_hr = ppm × 0.25.",False,23.5,39.8,daylight,20.0,Pixel_7,False,baselines/baseline_daylight.png,True,"[(255, 255, 255), (194, 188, 172), (217, 164, 98), (47, 32, 26)]","[(245, 245, 240), (160, 160, 155), (180, 140, 90), (40, 30, 25)]","(218, 202, 163)",0.0,True,True,SENTINEL-synthetic-v3-2026-09-15,synthetic Tier-B sample generated for pipeline testing
H2S-2026-0039,images/validation/H2S-2026-0039_15ppm_daylight.png,validation,STRIP-BATCHA-15ppm,BATCH-SYNTH-001,15.0,15.0,3.75,caution,literature_derived_proxy,Sanderson et al. (1966) J. Air Pollut. Control Assoc. – optical density vs CT; Hochheiser & Santner (1954) – lead-acetate paper calibration; classic PbS staining kinetics (white → brown → black with cumulative dose),"Discrete 9-stage lookup derived by linear interpolation of reported optical-density / reflectance values versus concentration×time product. Stages deliberately placed at 0, 5, 10, 15, 20, 30, 50, 75, 100 ppm to straddle NIOSH/OSHA decision boundaries. Duration fixed at 15 min for all synthetic exposures → dose_ppm_hr = ppm × 0.25.",False,21.5,58.6,daylight,15.0,Samsung_A54,False,baselines/baseline_daylight.png,True,"[(255, 255, 255), (190, 186, 169), (216, 165, 96), (48, 31, 31)]","[(245, 245, 240), (160, 160, 155), (180, 140, 90), (40, 30, 25)]","(218, 202, 162)",0.0,False,True,SENTINEL-synthetic-v3-2026-09-15,synthetic Tier-B sample generated for pipeline testing
H2S-2026-0040,images/train/H2S-2026-0040_15ppm_LED.png,train,STRIP-BATCHA-15ppm,BATCH-SYNTH-001,15.0,15.0,3.75,caution,literature_derived_proxy,Sanderson et al. (1966) J. Air Pollut. Control Assoc. – optical density vs CT; Hochheiser & Santner (1954) – lead-acetate paper calibration; classic PbS staining kinetics (white → brown → black with cumulative dose),"Discrete 9-stage lookup derived by linear interpolation of reported optical-density / reflectance values versus concentration×time product. Stages deliberately placed at 0, 5, 10, 15, 20, 30, 50, 75, 100 ppm to straddle NIOSH/OSHA decision boundaries. Duration fixed at 15 min for all synthetic exposures → dose_ppm_hr = ppm × 0.25.",False,22.9,52.2,LED,10.0,Pixel_7,False,baselines/baseline_LED.png,True,"[(243, 242, 251), (156, 163, 170), (179, 141, 95), (35, 30, 30)]","[(245, 245, 240), (160, 160, 155), (180, 140, 90), (40, 30, 25)]","(187, 182, 163)",0.0,True,True,SENTINEL-synthetic-v3-2026-09-15,synthetic Tier-B sample generated for pipeline testing
H2S-2026-0041,images/train/H2S-2026-0041_15ppm_LED.png,train,STRIP-BATCHA-15ppm,BATCH-SYNTH-001,15.0,15.0,3.75,caution,literature_derived_proxy,Sanderson et al. (1966) J. Air Pollut. Control Assoc. – optical density vs CT; Hochheiser & Santner (1954) – lead-acetate paper calibration; classic PbS staining kinetics (white → brown → black with cumulative dose),"Discrete 9-stage lookup derived by linear interpolation of reported optical-density / reflectance values versus concentration×time product. Stages deliberately placed at 0, 5, 10, 15, 20, 30, 50, 75, 100 ppm to straddle NIOSH/OSHA decision boundaries. Duration fixed at 15 min for all synthetic exposures → dose_ppm_hr = ppm × 0.25.",False,23.1,50.2,LED,20.0,Pixel_7,False,baselines/baseline_LED.png,True,"[(240, 242, 254), (153, 164, 169), (175, 144, 99), (42, 33, 27)]","[(245, 245, 240), (160, 160, 155), (180, 140, 90), (40, 30, 25)]","(188, 181, 162)",1.41,True,True,SENTINEL-synthetic-v3-2026-09-15,synthetic Tier-B sample generated for pipeline testing
H2S-2026-0042,images/validation/H2S-2026-0042_15ppm_LED.png,validation,STRIP-BATCHA-15ppm,BATCH-SYNTH-001,15.0,15.0,3.75,caution,literature_derived_proxy,Sanderson et al. (1966) J. Air Pollut. Control Assoc. – optical density vs CT; Hochheiser & Santner (1954) – lead-acetate paper calibration; classic PbS staining kinetics (white → brown → black with cumulative dose),"Discrete 9-stage lookup derived by linear interpolation of reported optical-density / reflectance values versus concentration×time product. Stages deliberately placed at 0, 5, 10, 15, 20, 30, 50, 75, 100 ppm to straddle NIOSH/OSHA decision boundaries. Duration fixed at 15 min for all synthetic exposures → dose_ppm_hr = ppm × 0.25.",False,21.2,52.7,LED,15.0,Samsung_A54,False,baselines/baseline_LED.png,True,"[(239, 244, 255), (153, 158, 166), (174, 144, 94), (37, 26, 29)]","[(245, 245, 240), (160, 160, 155), (180, 140, 90), (40, 30, 25)]","(190, 181, 161)",0.0,True,True,SENTINEL-synthetic-v3-2026-09-15,synthetic Tier-B sample generated for pipeline testing
H2S-2026-0043,images/holdout/H2S-2026-0043_15ppm_fluorescent.png,holdout,STRIP-BATCHA-15ppm,BATCH-SYNTH-001,15.0,15.0,3.75,caution,literature_derived_proxy,Sanderson et al. (1966) J. Air Pollut. Control Assoc. – optical density vs CT; Hochheiser & Santner (1954) – lead-acetate paper calibration; classic PbS staining kinetics (white → brown → black with cumulative dose),"Discrete 9-stage lookup derived by linear interpolation of reported optical-density / reflectance values versus concentration×time product. Stages deliberately placed at 0, 5, 10, 15, 20, 30, 50, 75, 100 ppm to straddle NIOSH/OSHA decision boundaries. Duration fixed at 15 min for all synthetic exposures → dose_ppm_hr = ppm × 0.25.",False,23.7,49.2,fluorescent,10.0,Pixel_7,False,baselines/baseline_fluorescent.png,True,"[(205, 228, 236), (132, 150, 155), (146, 136, 88), (31, 28, 22)]","[(245, 245, 240), (160, 160, 155), (180, 140, 90), (40, 30, 25)]","(187, 182, 161)",0.0,True,True,SENTINEL-synthetic-v3-2026-09-15,synthetic Tier-B sample generated for pipeline testing
H2S-2026-0044,images/holdout/H2S-2026-0044_15ppm_fluorescent.png,holdout,STRIP-BATCHA-15ppm,BATCH-SYNTH-001,15.0,15.0,3.75,caution,literature_derived_proxy,Sanderson et al. (1966) J. Air Pollut. Control Assoc. – optical density vs CT; Hochheiser & Santner (1954) – lead-acetate paper calibration; classic PbS staining kinetics (white → brown → black with cumulative dose),"Discrete 9-stage lookup derived by linear interpolation of reported optical-density / reflectance values versus concentration×time product. Stages deliberately placed at 0, 5, 10, 15, 20, 30, 50, 75, 100 ppm to straddle NIOSH/OSHA decision boundaries. Duration fixed at 15 min for all synthetic exposures → dose_ppm_hr = ppm × 0.25.",False,23.0,35.6,fluorescent,20.0,Pixel_7,False,baselines/baseline_fluorescent.png,True,"[(202, 234, 234), (135, 151, 155), (149, 136, 93), (36, 31, 21)]","[(245, 245, 240), (160, 160, 155), (180, 140, 90), (40, 30, 25)]","(188, 177, 163)",1.41,True,True,SENTINEL-synthetic-v3-2026-09-15,synthetic Tier-B sample generated for pipeline testing
H2S-2026-0045,images/holdout/H2S-2026-0045_15ppm_fluorescent.png,holdout,STRIP-BATCHA-15ppm,BATCH-SYNTH-001,15.0,15.0,3.75,caution,literature_derived_proxy,Sanderson et al. (1966) J. Air Pollut. Control Assoc. – optical density vs CT; Hochheiser & Santner (1954) – lead-acetate paper calibration; classic PbS staining kinetics (white → brown → black with cumulative dose),"Discrete 9-stage lookup derived by linear interpolation of reported optical-density / reflectance values versus concentration×time product. Stages deliberately placed at 0, 5, 10, 15, 20, 30, 50, 75, 100 ppm to straddle NIOSH/OSHA decision boundaries. Duration fixed at 15 min for all synthetic exposures → dose_ppm_hr = ppm × 0.25.",False,21.6,37.6,fluorescent,15.0,Samsung_A54,False,baselines/baseline_fluorescent.png,True,"[(201, 227, 237), (128, 149, 156), (153, 135, 89), (31, 30, 27)]","[(245, 245, 240), (160, 160, 155), (180, 140, 90), (40, 30, 25)]","(190, 182, 159)",1.0,True,True,SENTINEL-synthetic-v3-2026-09-15,synthetic Tier-B sample generated for pipeline testing
H2S-2026-0046,images/train/H2S-2026-0046_15ppm_dim_indoor.png,train,STRIP-BATCHA-15ppm,BATCH-SYNTH-001,15.0,15.0,3.75,caution,literature_derived_proxy,Sanderson et al. (1966) J. Air Pollut. Control Assoc. – optical density vs CT; Hochheiser & Santner (1954) – lead-acetate paper calibration; classic PbS staining kinetics (white → brown → black with cumulative dose),"Discrete 9-stage lookup derived by linear interpolation of reported optical-density / reflectance values versus concentration×time product. Stages deliberately placed at 0, 5, 10, 15, 20, 30, 50, 75, 100 ppm to straddle NIOSH/OSHA decision boundaries. Duration fixed at 15 min for all synthetic exposures → dose_ppm_hr = ppm × 0.25.",False,24.9,51.4,dim_indoor,10.0,Pixel_7,False,baselines/baseline_dim_indoor.png,True,"[(177, 154, 132), (116, 102, 81), (131, 83, 50), (28, 19, 10)]","[(245, 245, 240), (160, 160, 155), (180, 140, 90), (40, 30, 25)]","(187, 176, 162)",1.0,True,True,SENTINEL-synthetic-v3-2026-09-15,synthetic Tier-B sample generated for pipeline testing
H2S-2026-0047,images/train/H2S-2026-0047_15ppm_dim_indoor.png,train,STRIP-BATCHA-15ppm,BATCH-SYNTH-001,15.0,15.0,3.75,caution,literature_derived_proxy,Sanderson et al. (1966) J. Air Pollut. Control Assoc. – optical density vs CT; Hochheiser & Santner (1954) – lead-acetate paper calibration; classic PbS staining kinetics (white → brown → black with cumulative dose),"Discrete 9-stage lookup derived by linear interpolation of reported optical-density / reflectance values versus concentration×time product. Stages deliberately placed at 0, 5, 10, 15, 20, 30, 50, 75, 100 ppm to straddle NIOSH/OSHA decision boundaries. Duration fixed at 15 min for all synthetic exposures → dose_ppm_hr = ppm × 0.25.",False,20.6,59.3,dim_indoor,20.0,Pixel_7,False,baselines/baseline_dim_indoor.png,True,"[(177, 147, 131), (118, 99, 88), (131, 82, 48), (28, 22, 11)]","[(245, 245, 240), (160, 160, 155), (180, 140, 90), (40, 30, 25)]","(187, 183, 162)",1.0,True,True,SENTINEL-synthetic-v3-2026-09-15,synthetic Tier-B sample generated for pipeline testing
H2S-2026-0048,images/train/H2S-2026-0048_15ppm_dim_indoor.png,train,STRIP-BATCHA-15ppm,BATCH-SYNTH-001,15.0,15.0,3.75,caution,literature_derived_proxy,Sanderson et al. (1966) J. Air Pollut. Control Assoc. – optical density vs CT; Hochheiser & Santner (1954) – lead-acetate paper calibration; classic PbS staining kinetics (white → brown → black with cumulative dose),"Discrete 9-stage lookup derived by linear interpolation of reported optical-density / reflectance values versus concentration×time product. Stages deliberately placed at 0, 5, 10, 15, 20, 30, 50, 75, 100 ppm to straddle NIOSH/OSHA decision boundaries. Duration fixed at 15 min for all synthetic exposures → dose_ppm_hr = ppm × 0.25.",False,21.5,52.6,dim_indoor,15.0,Samsung_A54,False,baselines/baseline_dim_indoor.png,True,"[(174, 149, 132), (118, 94, 89), (130, 83, 48), (25, 21, 10)]","[(245, 245, 240), (160, 160, 155), (180, 140, 90), (40, 30, 25)]","(191, 181, 162)",1.0,True,True,SENTINEL-synthetic-v3-2026-09-15,synthetic Tier-B sample generated for pipeline testing
H2S-2026-0049,images/train/H2S-2026-0049_20ppm_daylight.png,train,STRIP-BATCHA-20ppm,BATCH-SYNTH-001,20.0,15.0,5.0,alert,literature_derived_proxy,Sanderson et al. (1966) J. Air Pollut. Control Assoc. – optical density vs CT; Hochheiser & Santner (1954) – lead-acetate paper calibration; classic PbS staining kinetics (white → brown → black with cumulative dose),"Discrete 9-stage lookup derived by linear interpolation of reported optical-density / reflectance values versus concentration×time product. Stages deliberately placed at 0, 5, 10, 15, 20, 30, 50, 75, 100 ppm to straddle NIOSH/OSHA decision boundaries. Duration fixed at 15 min for all synthetic exposures → dose_ppm_hr = ppm × 0.25.",False,23.9,41.7,daylight,10.0,Pixel_7,False,baselines/baseline_daylight.png,True,"[(255, 255, 254), (196, 191, 167), (219, 163, 102), (46, 32, 27)]","[(245, 245, 240), (160, 160, 155), (180, 140, 90), (40, 30, 25)]","(202, 189, 153)",0.0,True,True,SENTINEL-synthetic-v3-2026-09-15,synthetic Tier-B sample generated for pipeline testing
H2S-2026-0050,images/train/H2S-2026-0050_20ppm_daylight.png,train,STRIP-BATCHA-20ppm,BATCH-SYNTH-001,20.0,15.0,5.0,alert,literature_derived_proxy,Sanderson et al. (1966) J. Air Pollut. Control Assoc. – optical density vs CT; Hochheiser & Santner (1954) – lead-acetate paper calibration; classic PbS staining kinetics (white → brown → black with cumulative dose),"Discrete 9-stage lookup derived by linear interpolation of reported optical-density / reflectance values versus concentration×time product. Stages deliberately placed at 0, 5, 10, 15, 20, 30, 50, 75, 100 ppm to straddle NIOSH/OSHA decision boundaries. Duration fixed at 15 min for all synthetic exposures → dose_ppm_hr = ppm × 0.25.",False,21.2,44.6,daylight,20.0,Pixel_7,False,baselines/baseline_daylight.png,True,"[(255, 255, 253), (196, 191, 172), (218, 165, 102), (52, 37, 30)]","[(245, 245, 240), (160, 160, 155), (180, 140, 90), (40, 30, 25)]","(201, 187, 153)",0.0,True,True,SENTINEL-synthetic-v3-2026-09-15,synthetic Tier-B sample generated for pipeline testing
H2S-2026-0051,images/test/H2S-2026-0051_20ppm_daylight.png,test,STRIP-BATCHA-20ppm,BATCH-SYNTH-001,20.0,15.0,5.0,alert,literature_derived_proxy,Sanderson et al. (1966) J. Air Pollut. Control Assoc. – optical density vs CT; Hochheiser & Santner (1954) – lead-acetate paper calibration; classic PbS staining kinetics (white → brown → black with cumulative dose),"Discrete 9-stage lookup derived by linear interpolation of reported optical-density / reflectance values versus concentration×time product. Stages deliberately placed at 0, 5, 10, 15, 20, 30, 50, 75, 100 ppm to straddle NIOSH/OSHA decision boundaries. Duration fixed at 15 min for all synthetic exposures → dose_ppm_hr = ppm × 0.25.",False,22.6,46.4,daylight,15.0,Samsung_A54,False,baselines/baseline_daylight.png,True,"[(255, 251, 255), (196, 189, 171), (215, 167, 94), (46, 39, 28)]","[(245, 245, 240), (160, 160, 155), (180, 140, 90), (40, 30, 25)]","(202, 190, 152)",0.0,True,True,SENTINEL-synthetic-v3-2026-09-15,synthetic Tier-B sample generated for pipeline testing
H2S-2026-0052,images/validation/H2S-2026-0052_20ppm_LED.png,validation,STRIP-BATCHA-20ppm,BATCH-SYNTH-001,20.0,15.0,5.0,alert,literature_derived_proxy,Sanderson et al. (1966) J. Air Pollut. Control Assoc. – optical density vs CT; Hochheiser & Santner (1954) – lead-acetate paper calibration; classic PbS staining kinetics (white → brown → black with cumulative dose),"Discrete 9-stage lookup derived by linear interpolation of reported optical-density / reflectance values versus concentration×time product. Stages deliberately placed at 0, 5, 10, 15, 20, 30, 50, 75, 100 ppm to straddle NIOSH/OSHA decision boundaries. Duration fixed at 15 min for all synthetic exposures → dose_ppm_hr = ppm × 0.25.",False,22.7,50.4,LED,10.0,Pixel_7,False,baselines/baseline_LED.png,True,"[(242, 243, 252), (159, 160, 168), (178, 137, 98), (43, 32, 28)]","[(245, 245, 240), (160, 160, 155), (180, 140, 90), (40, 30, 25)]","(172, 168, 153)",1.0,True,True,SENTINEL-synthetic-v3-2026-09-15,synthetic Tier-B sample generated for pipeline testing
H2S-2026-0053,images/train/H2S-2026-0053_20ppm_LED.png,train,STRIP-BATCHA-20ppm,BATCH-SYNTH-001,20.0,15.0,5.0,alert,literature_derived_proxy,Sanderson et al. (1966) J. Air Pollut. Control Assoc. – optical density vs CT; Hochheiser & Santner (1954) – lead-acetate paper calibration; classic PbS staining kinetics (white → brown → black with cumulative dose),"Discrete 9-stage lookup derived by linear interpolation of reported optical-density / reflectance values versus concentration×time product. Stages deliberately placed at 0, 5, 10, 15, 20, 30, 50, 75, 100 ppm to straddle NIOSH/OSHA decision boundaries. Duration fixed at 15 min for all synthetic exposures → dose_ppm_hr = ppm × 0.25.",False,20.7,48.3,LED,20.0,Pixel_7,False,baselines/baseline_LED.png,True,"[(240, 244, 252), (158, 157, 164), (179, 138, 97), (35, 26, 28)]","[(245, 245, 240), (160, 160, 155), (180, 140, 90), (40, 30, 25)]","(177, 170, 153)",0.0,True,True,SENTINEL-synthetic-v3-2026-09-15,synthetic Tier-B sample generated for pipeline testing
H2S-2026-0054,images/train/H2S-2026-0054_20ppm_LED.png,train,STRIP-BATCHA-20ppm,BATCH-SYNTH-001,20.0,15.0,5.0,alert,literature_derived_proxy,Sanderson et al. (1966) J. Air Pollut. Control Assoc. – optical density vs CT; Hochheiser & Santner (1954) – lead-acetate paper calibration; classic PbS staining kinetics (white → brown → black with cumulative dose),"Discrete 9-stage lookup derived by linear interpolation of reported optical-density / reflectance values versus concentration×time product. Stages deliberately placed at 0, 5, 10, 15, 20, 30, 50, 75, 100 ppm to straddle NIOSH/OSHA decision boundaries. Duration fixed at 15 min for all synthetic exposures → dose_ppm_hr = ppm × 0.25.",False,24.5,51.9,LED,15.0,Samsung_A54,False,baselines/baseline_LED.png,True,"[(238, 243, 253), (153, 162, 166), (179, 138, 96), (42, 30, 30)]","[(245, 245, 240), (160, 160, 155), (180, 140, 90), (40, 30, 25)]","(175, 169, 152)",1.0,True,False,SENTINEL-synthetic-v3-2026-09-15,synthetic Tier-B sample generated for pipeline testing
H2S-2026-0055,images/holdout/H2S-2026-0055_20ppm_fluorescent.png,holdout,STRIP-BATCHA-20ppm,BATCH-SYNTH-001,20.0,15.0,5.0,alert,literature_derived_proxy,Sanderson et al. (1966) J. Air Pollut. Control Assoc. – optical density vs CT; Hochheiser & Santner (1954) – lead-acetate paper calibration; classic PbS staining kinetics (white → brown → black with cumulative dose),"Discrete 9-stage lookup derived by linear interpolation of reported optical-density / reflectance values versus concentration×time product. Stages deliberately placed at 0, 5, 10, 15, 20, 30, 50, 75, 100 ppm to straddle NIOSH/OSHA decision boundaries. Duration fixed at 15 min for all synthetic exposures → dose_ppm_hr = ppm × 0.25.",False,21.5,52.5,fluorescent,10.0,Pixel_7,False,baselines/baseline_fluorescent.png,True,"[(200, 228, 240), (133, 151, 155), (149, 135, 89), (32, 30, 27)]","[(245, 245, 240), (160, 160, 155), (180, 140, 90), (40, 30, 25)]","(177, 168, 147)",1.0,True,True,SENTINEL-synthetic-v3-2026-09-15,synthetic Tier-B sample generated for pipeline testing
H2S-2026-0056,images/holdout/H2S-2026-0056_20ppm_fluorescent.png,holdout,STRIP-BATCHA-20ppm,BATCH-SYNTH-001,20.0,15.0,5.0,alert,literature_derived_proxy,Sanderson et al. (1966) J. Air Pollut. Control Assoc. – optical density vs CT; Hochheiser & Santner (1954) – lead-acetate paper calibration; classic PbS staining kinetics (white → brown → black with cumulative dose),"Discrete 9-stage lookup derived by linear interpolation of reported optical-density / reflectance values versus concentration×time product. Stages deliberately placed at 0, 5, 10, 15, 20, 30, 50, 75, 100 ppm to straddle NIOSH/OSHA decision boundaries. Duration fixed at 15 min for all synthetic exposures → dose_ppm_hr = ppm × 0.25.",False,24.2,50.7,fluorescent,20.0,Pixel_7,False,baselines/baseline_fluorescent.png,True,"[(198, 233, 237), (128, 147, 156), (149, 131, 90), (32, 27, 24)]","[(245, 245, 240), (160, 160, 155), (180, 140, 90), (40, 30, 25)]","(179, 166, 150)",1.0,True,True,SENTINEL-synthetic-v3-2026-09-15,synthetic Tier-B sample generated for pipeline testing
H2S-2026-0057,images/holdout/H2S-2026-0057_20ppm_fluorescent.png,holdout,STRIP-BATCHA-20ppm,BATCH-SYNTH-001,20.0,15.0,5.0,alert,literature_derived_proxy,Sanderson et al. (1966) J. Air Pollut. Control Assoc. – optical density vs CT; Hochheiser & Santner (1954) – lead-acetate paper calibration; classic PbS staining kinetics (white → brown → black with cumulative dose),"Discrete 9-stage lookup derived by linear interpolation of reported optical-density / reflectance values versus concentration×time product. Stages deliberately placed at 0, 5, 10, 15, 20, 30, 50, 75, 100 ppm to straddle NIOSH/OSHA decision boundaries. Duration fixed at 15 min for all synthetic exposures → dose_ppm_hr = ppm × 0.25.",False,22.7,57.8,fluorescent,15.0,Samsung_A54,False,baselines/baseline_fluorescent.png,True,"[(198, 231, 240), (128, 152, 151), (146, 132, 90), (35, 26, 23)]","[(245, 245, 240), (160, 160, 155), (180, 140, 90), (40, 30, 25)]","(178, 168, 148)",0.0,True,True,SENTINEL-synthetic-v3-2026-09-15,synthetic Tier-B sample generated for pipeline testing
H2S-2026-0058,images/validation/H2S-2026-0058_20ppm_dim_indoor.png,validation,STRIP-BATCHA-20ppm,BATCH-SYNTH-001,20.0,15.0,5.0,alert,literature_derived_proxy,Sanderson et al. (1966) J. Air Pollut. Control Assoc. – optical density vs CT; Hochheiser & Santner (1954) – lead-acetate paper calibration; classic PbS staining kinetics (white → brown → black with cumulative dose),"Discrete 9-stage lookup derived by linear interpolation of reported optical-density / reflectance values versus concentration×time product. Stages deliberately placed at 0, 5, 10, 15, 20, 30, 50, 75, 100 ppm to straddle NIOSH/OSHA decision boundaries. Duration fixed at 15 min for all synthetic exposures → dose_ppm_hr = ppm × 0.25.",False,20.6,44.2,dim_indoor,10.0,Pixel_7,False,baselines/baseline_dim_indoor.png,True,"[(175, 154, 132), (115, 95, 88), (125, 84, 48), (30, 22, 14)]","[(245, 245, 240), (160, 160, 155), (180, 140, 90), (40, 30, 25)]","(174, 161, 148)",0.0,True,True,SENTINEL-synthetic-v3-2026-09-15,synthetic Tier-B sample generated for pipeline testing
H2S-2026-0059,images/validation/H2S-2026-0059_20ppm_dim_indoor.png,validation,STRIP-BATCHA-20ppm,BATCH-SYNTH-001,20.0,15.0,5.0,alert,literature_derived_proxy,Sanderson et al. (1966) J. Air Pollut. Control Assoc. – optical density vs CT; Hochheiser & Santner (1954) – lead-acetate paper calibration; classic PbS staining kinetics (white → brown → black with cumulative dose),"Discrete 9-stage lookup derived by linear interpolation of reported optical-density / reflectance values versus concentration×time product. Stages deliberately placed at 0, 5, 10, 15, 20, 30, 50, 75, 100 ppm to straddle NIOSH/OSHA decision boundaries. Duration fixed at 15 min for all synthetic exposures → dose_ppm_hr = ppm × 0.25.",False,20.7,58.7,dim_indoor,20.0,Pixel_7,False,baselines/baseline_dim_indoor.png,True,"[(175, 153, 133), (111, 97, 88), (124, 90, 50), (27, 15, 16)]","[(245, 245, 240), (160, 160, 155), (180, 140, 90), (40, 30, 25)]","(175, 167, 146)",0.0,True,True,SENTINEL-synthetic-v3-2026-09-15,synthetic Tier-B sample generated for pipeline testing
H2S-2026-0060,images/train/H2S-2026-0060_20ppm_dim_indoor.png,train,STRIP-BATCHA-20ppm,BATCH-SYNTH-001,20.0,15.0,5.0,alert,literature_derived_proxy,Sanderson et al. (1966) J. Air Pollut. Control Assoc. – optical density vs CT; Hochheiser & Santner (1954) – lead-acetate paper calibration; classic PbS staining kinetics (white → brown → black with cumulative dose),"Discrete 9-stage lookup derived by linear interpolation of reported optical-density / reflectance values versus concentration×time product. Stages deliberately placed at 0, 5, 10, 15, 20, 30, 50, 75, 100 ppm to straddle NIOSH/OSHA decision boundaries. Duration fixed at 15 min for all synthetic exposures → dose_ppm_hr = ppm × 0.25.",False,23.1,58.5,dim_indoor,15.0,Samsung_A54,False,baselines/baseline_dim_indoor.png,True,"[(178, 148, 129), (113, 102, 83), (130, 89, 50), (32, 20, 11)]","[(245, 245, 240), (160, 160, 155), (180, 140, 90), (40, 30, 25)]","(170, 169, 154)",0.0,True,True,SENTINEL-synthetic-v3-2026-09-15,synthetic Tier-B sample generated for pipeline testing
H2S-2026-0061,images/train/H2S-2026-0061_30ppm_daylight.png,train,STRIP-BATCHA-30ppm,BATCH-SYNTH-001,30.0,15.0,7.5,alert,literature_derived_proxy,Sanderson et al. (1966) J. Air Pollut. Control Assoc. – optical density vs CT; Hochheiser & Santner (1954) – lead-acetate paper calibration; classic PbS staining kinetics (white → brown → black with cumulative dose),"Discrete 9-stage lookup derived by linear interpolation of reported optical-density / reflectance values versus concentration×time product. Stages deliberately placed at 0, 5, 10, 15, 20, 30, 50, 75, 100 ppm to straddle NIOSH/OSHA decision boundaries. Duration fixed at 15 min for all synthetic exposures → dose_ppm_hr = ppm × 0.25.",False,24.1,37.3,daylight,10.0,Pixel_7,False,baselines/baseline_daylight.png,True,"[(255, 254, 255), (196, 186, 170), (214, 165, 102), (49, 31, 29)]","[(245, 245, 240), (160, 160, 155), (180, 140, 90), (40, 30, 25)]","(175, 164, 132)",0.0,True,True,SENTINEL-synthetic-v3-2026-09-15,synthetic Tier-B sample generated for pipeline testing
H2S-2026-0062,images/train/H2S-2026-0062_30ppm_daylight.png,train,STRIP-BATCHA-30ppm,BATCH-SYNTH-001,30.0,15.0,7.5,alert,literature_derived_proxy,Sanderson et al. (1966) J. Air Pollut. Control Assoc. – optical density vs CT; Hochheiser & Santner (1954) – lead-acetate paper calibration; classic PbS staining kinetics (white → brown → black with cumulative dose),"Discrete 9-stage lookup derived by linear interpolation of reported optical-density / reflectance values versus concentration×time product. Stages deliberately placed at 0, 5, 10, 15, 20, 30, 50, 75, 100 ppm to straddle NIOSH/OSHA decision boundaries. Duration fixed at 15 min for all synthetic exposures → dose_ppm_hr = ppm × 0.25.",False,21.4,59.6,daylight,20.0,Pixel_7,False,baselines/baseline_daylight.png,True,"[(251, 251, 255), (192, 185, 168), (214, 168, 97), (47, 34, 28)]","[(245, 245, 240), (160, 160, 155), (180, 140, 90), (40, 30, 25)]","(178, 165, 132)",0.0,True,True,SENTINEL-synthetic-v3-2026-09-15,synthetic Tier-B sample generated for pipeline testing
H2S-2026-0063,images/test/H2S-2026-0063_30ppm_daylight.png,test,STRIP-BATCHA-30ppm,BATCH-SYNTH-001,30.0,15.0,7.5,alert,literature_derived_proxy,Sanderson et al. (1966) J. Air Pollut. Control Assoc. – optical density vs CT; Hochheiser & Santner (1954) – lead-acetate paper calibration; classic PbS staining kinetics (white → brown → black with cumulative dose),"Discrete 9-stage lookup derived by linear interpolation of reported optical-density / reflectance values versus concentration×time product. Stages deliberately placed at 0, 5, 10, 15, 20, 30, 50, 75, 100 ppm to straddle NIOSH/OSHA decision boundaries. Duration fixed at 15 min for all synthetic exposures → dose_ppm_hr = ppm × 0.25.",False,20.6,36.6,daylight,15.0,Samsung_A54,False,baselines/baseline_daylight.png,True,"[(255, 255, 253), (190, 183, 167), (213, 165, 97), (49, 31, 25)]","[(245, 245, 240), (160, 160, 155), (180, 140, 90), (40, 30, 25)]","(175, 164, 135)",0.0,True,True,SENTINEL-synthetic-v3-2026-09-15,synthetic Tier-B sample generated for pipeline testing
H2S-2026-0064,images/train/H2S-2026-0064_30ppm_LED.png,train,STRIP-BATCHA-30ppm,BATCH-SYNTH-001,30.0,15.0,7.5,alert,literature_derived_proxy,Sanderson et al. (1966) J. Air Pollut. Control Assoc. – optical density vs CT; Hochheiser & Santner (1954) – lead-acetate paper calibration; classic PbS staining kinetics (white → brown → black with cumulative dose),"Discrete 9-stage lookup derived by linear interpolation of reported optical-density / reflectance values versus concentration×time product. Stages deliberately placed at 0, 5, 10, 15, 20, 30, 50, 75, 100 ppm to straddle NIOSH/OSHA decision boundaries. Duration fixed at 15 min for all synthetic exposures → dose_ppm_hr = ppm × 0.25.",False,20.5,52.8,LED,10.0,Pixel_7,False,baselines/baseline_LED.png,True,"[(241, 249, 252), (159, 164, 166), (172, 144, 97), (42, 26, 23)]","[(245, 245, 240), (160, 160, 155), (180, 140, 90), (40, 30, 25)]","(151, 145, 134)",1.0,True,True,SENTINEL-synthetic-v3-2026-09-15,synthetic Tier-B sample generated for pipeline testing
H2S-2026-0065,images/train/H2S-2026-0065_30ppm_LED.png,train,STRIP-BATCHA-30ppm,BATCH-SYNTH-001,30.0,15.0,7.5,alert,literature_derived_proxy,Sanderson et al. (1966) J. Air Pollut. Control Assoc. – optical density vs CT; Hochheiser & Santner (1954) – lead-acetate paper calibration; classic PbS staining kinetics (white → brown → black with cumulative dose),"Discrete 9-stage lookup derived by linear interpolation of reported optical-density / reflectance values versus concentration×time product. Stages deliberately placed at 0, 5, 10, 15, 20, 30, 50, 75, 100 ppm to straddle NIOSH/OSHA decision boundaries. Duration fixed at 15 min for all synthetic exposures → dose_ppm_hr = ppm × 0.25.",False,20.6,51.4,LED,20.0,Pixel_7,False,baselines/baseline_LED.png,True,"[(237, 246, 253), (153, 158, 167), (180, 141, 99), (43, 30, 30)]","[(245, 245, 240), (160, 160, 155), (180, 140, 90), (40, 30, 25)]","(153, 145, 131)",0.0,True,True,SENTINEL-synthetic-v3-2026-09-15,synthetic Tier-B sample generated for pipeline testing
H2S-2026-0066,images/test/H2S-2026-0066_30ppm_LED.png,test,STRIP-BATCHA-30ppm,BATCH-SYNTH-001,30.0,15.0,7.5,alert,literature_derived_proxy,Sanderson et al. (1966) J. Air Pollut. Control Assoc. – optical density vs CT; Hochheiser & Santner (1954) – lead-acetate paper calibration; classic PbS staining kinetics (white → brown → black with cumulative dose),"Discrete 9-stage lookup derived by linear interpolation of reported optical-density / reflectance values versus concentration×time product. Stages deliberately placed at 0, 5, 10, 15, 20, 30, 50, 75, 100 ppm to straddle NIOSH/OSHA decision boundaries. Duration fixed at 15 min for all synthetic exposures → dose_ppm_hr = ppm × 0.25.",False,20.8,58.1,LED,15.0,Samsung_A54,False,baselines/baseline_LED.png,True,"[(244, 244, 255), (159, 159, 169), (177, 143, 99), (41, 27, 28)]","[(245, 245, 240), (160, 160, 155), (180, 140, 90), (40, 30, 25)]","(150, 147, 131)",0.0,True,True,SENTINEL-synthetic-v3-2026-09-15,synthetic Tier-B sample generated for pipeline testing
H2S-2026-0067,images/holdout/H2S-2026-0067_30ppm_fluorescent.png,holdout,STRIP-BATCHA-30ppm,BATCH-SYNTH-001,30.0,15.0,7.5,alert,literature_derived_proxy,Sanderson et al. (1966) J. Air Pollut. Control Assoc. – optical density vs CT; Hochheiser & Santner (1954) – lead-acetate paper calibration; classic PbS staining kinetics (white → brown → black with cumulative dose),"Discrete 9-stage lookup derived by linear interpolation of reported optical-density / reflectance values versus concentration×time product. Stages deliberately placed at 0, 5, 10, 15, 20, 30, 50, 75, 100 ppm to straddle NIOSH/OSHA decision boundaries. Duration fixed at 15 min for all synthetic exposures → dose_ppm_hr = ppm × 0.25.",False,23.3,53.8,fluorescent,10.0,Pixel_7,False,baselines/baseline_fluorescent.png,True,"[(199, 228, 234), (129, 153, 150), (150, 130, 93), (29, 32, 28)]","[(245, 245, 240), (160, 160, 155), (180, 140, 90), (40, 30, 25)]","(158, 145, 129)",0.0,True,True,SENTINEL-synthetic-v3-2026-09-15,synthetic Tier-B sample generated for pipeline testing
H2S-2026-0068,images/holdout/H2S-2026-0068_30ppm_fluorescent.png,holdout,STRIP-BATCHA-30ppm,BATCH-SYNTH-001,30.0,15.0,7.5,alert,literature_derived_proxy,Sanderson et al. (1966) J. Air Pollut. Control Assoc. – optical density vs CT; Hochheiser & Santner (1954) – lead-acetate paper calibration; classic PbS staining kinetics (white → brown → black with cumulative dose),"Discrete 9-stage lookup derived by linear interpolation of reported optical-density / reflectance values versus concentration×time product. Stages deliberately placed at 0, 5, 10, 15, 20, 30, 50, 75, 100 ppm to straddle NIOSH/OSHA decision boundaries. Duration fixed at 15 min for all synthetic exposures → dose_ppm_hr = ppm × 0.25.",False,22.9,55.2,fluorescent,20.0,Pixel_7,False,baselines/baseline_fluorescent.png,True,"[(198, 231, 237), (133, 148, 157), (148, 130, 92), (32, 25, 25)]","[(245, 245, 240), (160, 160, 155), (180, 140, 90), (40, 30, 25)]","(157, 146, 129)",0.0,True,True,SENTINEL-synthetic-v3-2026-09-15,synthetic Tier-B sample generated for pipeline testing
H2S-2026-0069,images/holdout/H2S-2026-0069_30ppm_fluorescent.png,holdout,STRIP-BATCHA-30ppm,BATCH-SYNTH-001,30.0,15.0,7.5,alert,literature_derived_proxy,Sanderson et al. (1966) J. Air Pollut. Control Assoc. – optical density vs CT; Hochheiser & Santner (1954) – lead-acetate paper calibration; classic PbS staining kinetics (white → brown → black with cumulative dose),"Discrete 9-stage lookup derived by linear interpolation of reported optical-density / reflectance values versus concentration×time product. Stages deliberately placed at 0, 5, 10, 15, 20, 30, 50, 75, 100 ppm to straddle NIOSH/OSHA decision boundaries. Duration fixed at 15 min for all synthetic exposures → dose_ppm_hr = ppm × 0.25.",False,20.7,50.8,fluorescent,15.0,Samsung_A54,False,baselines/baseline_fluorescent.png,True,"[(206, 235, 233), (132, 147, 151), (149, 132, 90), (34, 24, 22)]","[(245, 245, 240), (160, 160, 155), (180, 140, 90), (40, 30, 25)]","(150, 145, 133)",1.0,True,True,SENTINEL-synthetic-v3-2026-09-15,synthetic Tier-B sample generated for pipeline testing
H2S-2026-0070,images/train/H2S-2026-0070_30ppm_dim_indoor.png,train,STRIP-BATCHA-30ppm,BATCH-SYNTH-001,30.0,15.0,7.5,alert,literature_derived_proxy,Sanderson et al. (1966) J. Air Pollut. Control Assoc. – optical density vs CT; Hochheiser & Santner (1954) – lead-acetate paper calibration; classic PbS staining kinetics (white → brown → black with cumulative dose),"Discrete 9-stage lookup derived by linear interpolation of reported optical-density / reflectance values versus concentration×time product. Stages deliberately placed at 0, 5, 10, 15, 20, 30, 50, 75, 100 ppm to straddle NIOSH/OSHA decision boundaries. Duration fixed at 15 min for all synthetic exposures → dose_ppm_hr = ppm × 0.25.",False,20.4,46.1,dim_indoor,10.0,Pixel_7,False,baselines/baseline_dim_indoor.png,True,"[(179, 150, 134), (116, 101, 86), (126, 87, 49), (29, 15, 9)]","[(245, 245, 240), (160, 160, 155), (180, 140, 90), (40, 30, 25)]","(150, 149, 131)",0.0,False,True,SENTINEL-synthetic-v3-2026-09-15,synthetic Tier-B sample generated for pipeline testing
H2S-2026-0071,images/train/H2S-2026-0071_30ppm_dim_indoor.png,train,STRIP-BATCHA-30ppm,BATCH-SYNTH-001,30.0,15.0,7.5,alert,literature_derived_proxy,Sanderson et al. (1966) J. Air Pollut. Control Assoc. – optical density vs CT; Hochheiser & Santner (1954) – lead-acetate paper calibration; classic PbS staining kinetics (white → brown → black with cumulative dose),"Discrete 9-stage lookup derived by linear interpolation of reported optical-density / reflectance values versus concentration×time product. Stages deliberately placed at 0, 5, 10, 15, 20, 30, 50, 75, 100 ppm to straddle NIOSH/OSHA decision boundaries. Duration fixed at 15 min for all synthetic exposures → dose_ppm_hr = ppm × 0.25.",False,23.0,35.2,dim_indoor,20.0,Pixel_7,False,baselines/baseline_dim_indoor.png,True,"[(178, 153, 132), (113, 102, 82), (129, 88, 46), (28, 21, 17)]","[(245, 245, 240), (160, 160, 155), (180, 140, 90), (40, 30, 25)]","(152, 142, 125)",0.0,True,True,SENTINEL-synthetic-v3-2026-09-15,synthetic Tier-B sample generated for pipeline testing
H2S-2026-0072,images/train/H2S-2026-0072_30ppm_dim_indoor.png,train,STRIP-BATCHA-30ppm,BATCH-SYNTH-001,30.0,15.0,7.5,alert,literature_derived_proxy,Sanderson et al. (1966) J. Air Pollut. Control Assoc. – optical density vs CT; Hochheiser & Santner (1954) – lead-acetate paper calibration; classic PbS staining kinetics (white → brown → black with cumulative dose),"Discrete 9-stage lookup derived by linear interpolation of reported optical-density / reflectance values versus concentration×time product. Stages deliberately placed at 0, 5, 10, 15, 20, 30, 50, 75, 100 ppm to straddle NIOSH/OSHA decision boundaries. Duration fixed at 15 min for all synthetic exposures → dose_ppm_hr = ppm × 0.25.",False,23.3,43.9,dim_indoor,15.0,Samsung_A54,False,baselines/baseline_dim_indoor.png,True,"[(174, 149, 132), (114, 99, 82), (124, 89, 51), (26, 16, 15)]","[(245, 245, 240), (160, 160, 155), (180, 140, 90), (40, 30, 25)]","(156, 149, 127)",0.0,True,True,SENTINEL-synthetic-v3-2026-09-15,synthetic Tier-B sample generated for pipeline testing
H2S-2026-0073,images/train/H2S-2026-0073_50ppm_daylight.png,train,STRIP-BATCHA-50ppm,BATCH-SYNTH-001,50.0,15.0,12.5,danger,literature_derived_proxy,Sanderson et al. (1966) J. Air Pollut. Control Assoc. – optical density vs CT; Hochheiser & Santner (1954) – lead-acetate paper calibration; classic PbS staining kinetics (white → brown → black with cumulative dose),"Discrete 9-stage lookup derived by linear interpolation of reported optical-density / reflectance values versus concentration×time product. Stages deliberately placed at 0, 5, 10, 15, 20, 30, 50, 75, 100 ppm to straddle NIOSH/OSHA decision boundaries. Duration fixed at 15 min for all synthetic exposures → dose_ppm_hr = ppm × 0.25.",False,23.1,55.8,daylight,10.0,Pixel_7,False,baselines/baseline_daylight.png,True,"[(251, 255, 251), (196, 184, 170), (219, 166, 100), (48, 32, 29)]","[(245, 245, 240), (160, 160, 155), (180, 140, 90), (40, 30, 25)]","(130, 120, 97)",0.0,True,True,SENTINEL-synthetic-v3-2026-09-15,synthetic Tier-B sample generated for pipeline testing
H2S-2026-0074,images/test/H2S-2026-0074_50ppm_daylight.png,test,STRIP-BATCHA-50ppm,BATCH-SYNTH-001,50.0,15.0,12.5,danger,literature_derived_proxy,Sanderson et al. (1966) J. Air Pollut. Control Assoc. – optical density vs CT; Hochheiser & Santner (1954) – lead-acetate paper calibration; classic PbS staining kinetics (white → brown → black with cumulative dose),"Discrete 9-stage lookup derived by linear interpolation of reported optical-density / reflectance values versus concentration×time product. Stages deliberately placed at 0, 5, 10, 15, 20, 30, 50, 75, 100 ppm to straddle NIOSH/OSHA decision boundaries. Duration fixed at 15 min for all synthetic exposures → dose_ppm_hr = ppm × 0.25.",False,20.6,47.7,daylight,20.0,Pixel_7,False,baselines/baseline_daylight.png,True,"[(252, 255, 252), (192, 189, 171), (221, 161, 100), (48, 36, 26)]","[(245, 245, 240), (160, 160, 155), (180, 140, 90), (40, 30, 25)]","(130, 118, 99)",0.0,True,True,SENTINEL-synthetic-v3-2026-09-15,synthetic Tier-B sample generated for pipeline testing
H2S-2026-0075,images/test/H2S-2026-0075_50ppm_daylight.png,test,STRIP-BATCHA-50ppm,BATCH-SYNTH-001,50.0,15.0,12.5,danger,literature_derived_proxy,Sanderson et al. (1966) J. Air Pollut. Control Assoc. – optical density vs CT; Hochheiser & Santner (1954) – lead-acetate paper calibration; classic PbS staining kinetics (white → brown → black with cumulative dose),"Discrete 9-stage lookup derived by linear interpolation of reported optical-density / reflectance values versus concentration×time product. Stages deliberately placed at 0, 5, 10, 15, 20, 30, 50, 75, 100 ppm to straddle NIOSH/OSHA decision boundaries. Duration fixed at 15 min for all synthetic exposures → dose_ppm_hr = ppm × 0.25.",False,22.8,49.5,daylight,15.0,Samsung_A54,False,baselines/baseline_daylight.png,True,"[(255, 255, 253), (192, 184, 167), (217, 163, 96), (46, 32, 25)]","[(245, 245, 240), (160, 160, 155), (180, 140, 90), (40, 30, 25)]","(130, 120, 99)",0.0,True,True,SENTINEL-synthetic-v3-2026-09-15,synthetic Tier-B sample generated for pipeline testing
H2S-2026-0076,images/validation/H2S-2026-0076_50ppm_LED.png,validation,STRIP-BATCHA-50ppm,BATCH-SYNTH-001,50.0,15.0,12.5,danger,literature_derived_proxy,Sanderson et al. (1966) J. Air Pollut. Control Assoc. – optical density vs CT; Hochheiser & Santner (1954) – lead-acetate paper calibration; classic PbS staining kinetics (white → brown → black with cumulative dose),"Discrete 9-stage lookup derived by linear interpolation of reported optical-density / reflectance values versus concentration×time product. Stages deliberately placed at 0, 5, 10, 15, 20, 30, 50, 75, 100 ppm to straddle NIOSH/OSHA decision boundaries. Duration fixed at 15 min for all synthetic exposures → dose_ppm_hr = ppm × 0.25.",False,21.8,42.2,LED,10.0,Pixel_7,False,baselines/baseline_LED.png,True,"[(241, 246, 253), (159, 157, 170), (179, 140, 97), (35, 31, 31)]","[(245, 245, 240), (160, 160, 155), (180, 140, 90), (40, 30, 25)]","(116, 107, 94)",0.0,False,True,SENTINEL-synthetic-v3-2026-09-15,synthetic Tier-B sample generated for pipeline testing
H2S-2026-0077,images/train/H2S-2026-0077_50ppm_LED.png,train,STRIP-BATCHA-50ppm,BATCH-SYNTH-001,50.0,15.0,12.5,danger,literature_derived_proxy,Sanderson et al. (1966) J. Air Pollut. Control Assoc. – optical density vs CT; Hochheiser & Santner (1954) – lead-acetate paper calibration; classic PbS staining kinetics (white → brown → black with cumulative dose),"Discrete 9-stage lookup derived by linear interpolation of reported optical-density / reflectance values versus concentration×time product. Stages deliberately placed at 0, 5, 10, 15, 20, 30, 50, 75, 100 ppm to straddle NIOSH/OSHA decision boundaries. Duration fixed at 15 min for all synthetic exposures → dose_ppm_hr = ppm × 0.25.",False,24.2,59.6,LED,20.0,Pixel_7,False,baselines/baseline_LED.png,True,"[(237, 249, 255), (159, 164, 163), (179, 139, 98), (42, 34, 25)]","[(245, 245, 240), (160, 160, 155), (180, 140, 90), (40, 30, 25)]","(113, 104, 97)",0.0,True,True,SENTINEL-synthetic-v3-2026-09-15,synthetic Tier-B sample generated for pipeline testing
H2S-2026-0078,images/train/H2S-2026-0078_50ppm_LED.png,train,STRIP-BATCHA-50ppm,BATCH-SYNTH-001,50.0,15.0,12.5,danger,literature_derived_proxy,Sanderson et al. (1966) J. Air Pollut. Control Assoc. – optical density vs CT; Hochheiser & Santner (1954) – lead-acetate paper calibration; classic PbS staining kinetics (white → brown → black with cumulative dose),"Discrete 9-stage lookup derived by linear interpolation of reported optical-density / reflectance values versus concentration×time product. Stages deliberately placed at 0, 5, 10, 15, 20, 30, 50, 75, 100 ppm to straddle NIOSH/OSHA decision boundaries. Duration fixed at 15 min for all synthetic exposures → dose_ppm_hr = ppm × 0.25.",False,23.9,51.2,LED,15.0,Samsung_A54,False,baselines/baseline_LED.png,True,"[(238, 241, 254), (159, 163, 171), (180, 138, 98), (40, 30, 29)]","[(245, 245, 240), (160, 160, 155), (180, 140, 90), (40, 30, 25)]","(114, 109, 95)",1.0,True,True,SENTINEL-synthetic-v3-2026-09-15,synthetic Tier-B sample generated for pipeline testing
H2S-2026-0079,images/holdout/H2S-2026-0079_50ppm_fluorescent.png,holdout,STRIP-BATCHA-50ppm,BATCH-SYNTH-001,50.0,15.0,12.5,danger,literature_derived_proxy,Sanderson et al. (1966) J. Air Pollut. Control Assoc. – optical density vs CT; Hochheiser & Santner (1954) – lead-acetate paper calibration; classic PbS staining kinetics (white → brown → black with cumulative dose),"Discrete 9-stage lookup derived by linear interpolation of reported optical-density / reflectance values versus concentration×time product. Stages deliberately placed at 0, 5, 10, 15, 20, 30, 50, 75, 100 ppm to straddle NIOSH/OSHA decision boundaries. Duration fixed at 15 min for all synthetic exposures → dose_ppm_hr = ppm × 0.25.",False,20.6,52.7,fluorescent,10.0,Pixel_7,False,baselines/baseline_fluorescent.png,True,"[(199, 232, 234), (136, 153, 153), (149, 130, 90), (30, 26, 25)]","[(245, 245, 240), (160, 160, 155), (180, 140, 90), (40, 30, 25)]","(118, 109, 97)",1.0,True,True,SENTINEL-synthetic-v3-2026-09-15,synthetic Tier-B sample generated for pipeline testing
H2S-2026-0080,images/holdout/H2S-2026-0080_50ppm_fluorescent.png,holdout,STRIP-BATCHA-50ppm,BATCH-SYNTH-001,50.0,15.0,12.5,danger,literature_derived_proxy,Sanderson et al. (1966) J. Air Pollut. Control Assoc. – optical density vs CT; Hochheiser & Santner (1954) – lead-acetate paper calibration; classic PbS staining kinetics (white → brown → black with cumulative dose),"Discrete 9-stage lookup derived by linear interpolation of reported optical-density / reflectance values versus concentration×time product. Stages deliberately placed at 0, 5, 10, 15, 20, 30, 50, 75, 100 ppm to straddle NIOSH/OSHA decision boundaries. Duration fixed at 15 min for all synthetic exposures → dose_ppm_hr = ppm × 0.25.",False,24.7,47.2,fluorescent,20.0,Pixel_7,False,baselines/baseline_fluorescent.png,True,"[(199, 231, 241), (134, 152, 151), (153, 129, 91), (37, 29, 20)]","[(245, 245, 240), (160, 160, 155), (180, 140, 90), (40, 30, 25)]","(113, 107, 97)",0.0,True,True,SENTINEL-synthetic-v3-2026-09-15,synthetic Tier-B sample generated for pipeline testing
H2S-2026-0081,images/holdout/H2S-2026-0081_50ppm_fluorescent.png,holdout,STRIP-BATCHA-50ppm,BATCH-SYNTH-001,50.0,15.0,12.5,danger,literature_derived_proxy,Sanderson et al. (1966) J. Air Pollut. Control Assoc. – optical density vs CT; Hochheiser & Santner (1954) – lead-acetate paper calibration; classic PbS staining kinetics (white → brown → black with cumulative dose),"Discrete 9-stage lookup derived by linear interpolation of reported optical-density / reflectance values versus concentration×time product. Stages deliberately placed at 0, 5, 10, 15, 20, 30, 50, 75, 100 ppm to straddle NIOSH/OSHA decision boundaries. Duration fixed at 15 min for all synthetic exposures → dose_ppm_hr = ppm × 0.25.",False,23.5,50.6,fluorescent,15.0,Samsung_A54,False,baselines/baseline_fluorescent.png,True,"[(201, 229, 235), (129, 151, 150), (153, 136, 93), (29, 29, 22)]","[(245, 245, 240), (160, 160, 155), (180, 140, 90), (40, 30, 25)]","(118, 108, 98)",1.41,True,True,SENTINEL-synthetic-v3-2026-09-15,synthetic Tier-B sample generated for pipeline testing
H2S-2026-0082,images/test/H2S-2026-0082_50ppm_dim_indoor.png,test,STRIP-BATCHA-50ppm,BATCH-SYNTH-001,50.0,15.0,12.5,danger,literature_derived_proxy,Sanderson et al. (1966) J. Air Pollut. Control Assoc. – optical density vs CT; Hochheiser & Santner (1954) – lead-acetate paper calibration; classic PbS staining kinetics (white → brown → black with cumulative dose),"Discrete 9-stage lookup derived by linear interpolation of reported optical-density / reflectance values versus concentration×time product. Stages deliberately placed at 0, 5, 10, 15, 20, 30, 50, 75, 100 ppm to straddle NIOSH/OSHA decision boundaries. Duration fixed at 15 min for all synthetic exposures → dose_ppm_hr = ppm × 0.25.",False,21.0,52.0,dim_indoor,10.0,Pixel_7,False,baselines/baseline_dim_indoor.png,True,"[(178, 147, 134), (115, 97, 88), (128, 89, 48), (32, 17, 13)]","[(245, 245, 240), (160, 160, 155), (180, 140, 90), (40, 30, 25)]","(110, 111, 96)",0.0,True,True,SENTINEL-synthetic-v3-2026-09-15,synthetic Tier-B sample generated for pipeline testing
H2S-2026-0083,images/train/H2S-2026-0083_50ppm_dim_indoor.png,train,STRIP-BATCHA-50ppm,BATCH-SYNTH-001,50.0,15.0,12.5,danger,literature_derived_proxy,Sanderson et al. (1966) J. Air Pollut. Control Assoc. – optical density vs CT; Hochheiser & Santner (1954) – lead-acetate paper calibration; classic PbS staining kinetics (white → brown → black with cumulative dose),"Discrete 9-stage lookup derived by linear interpolation of reported optical-density / reflectance values versus concentration×time product. Stages deliberately placed at 0, 5, 10, 15, 20, 30, 50, 75, 100 ppm to straddle NIOSH/OSHA decision boundaries. Duration fixed at 15 min for all synthetic exposures → dose_ppm_hr = ppm × 0.25.",False,20.5,56.1,dim_indoor,20.0,Pixel_7,False,baselines/baseline_dim_indoor.png,True,"[(178, 154, 132), (116, 102, 89), (130, 84, 48), (26, 18, 9)]","[(245, 245, 240), (160, 160, 155), (180, 140, 90), (40, 30, 25)]","(115, 105, 101)",0.0,True,True,SENTINEL-synthetic-v3-2026-09-15,synthetic Tier-B sample generated for pipeline testing
H2S-2026-0084,images/test/H2S-2026-0084_50ppm_dim_indoor.png,test,STRIP-BATCHA-50ppm,BATCH-SYNTH-001,50.0,15.0,12.5,danger,literature_derived_proxy,Sanderson et al. (1966) J. Air Pollut. Control Assoc. – optical density vs CT; Hochheiser & Santner (1954) – lead-acetate paper calibration; classic PbS staining kinetics (white → brown → black with cumulative dose),"Discrete 9-stage lookup derived by linear interpolation of reported optical-density / reflectance values versus concentration×time product. Stages deliberately placed at 0, 5, 10, 15, 20, 30, 50, 75, 100 ppm to straddle NIOSH/OSHA decision boundaries. Duration fixed at 15 min for all synthetic exposures → dose_ppm_hr = ppm × 0.25.",False,21.9,44.7,dim_indoor,15.0,Samsung_A54,False,baselines/baseline_dim_indoor.png,True,"[(175, 148, 130), (114, 101, 89), (126, 88, 46), (27, 21, 14)]","[(245, 245, 240), (160, 160, 155), (180, 140, 90), (40, 30, 25)]","(116, 106, 97)",0.0,True,True,SENTINEL-synthetic-v3-2026-09-15,synthetic Tier-B sample generated for pipeline testing
H2S-2026-0085,images/train/H2S-2026-0085_75ppm_daylight.png,train,STRIP-BATCHA-75ppm,BATCH-SYNTH-001,75.0,15.0,18.75,danger,literature_derived_proxy,Sanderson et al. (1966) J. Air Pollut. Control Assoc. – optical density vs CT; Hochheiser & Santner (1954) – lead-acetate paper calibration; classic PbS staining kinetics (white → brown → black with cumulative dose),"Discrete 9-stage lookup derived by linear interpolation of reported optical-density / reflectance values versus concentration×time product. Stages deliberately placed at 0, 5, 10, 15, 20, 30, 50, 75, 100 ppm to straddle NIOSH/OSHA decision boundaries. Duration fixed at 15 min for all synthetic exposures → dose_ppm_hr = ppm × 0.25.",False,21.3,55.9,daylight,10.0,Pixel_7,False,baselines/baseline_daylight.png,True,"[(254, 251, 255), (190, 188, 167), (215, 160, 98), (51, 33, 30)]","[(245, 245, 240), (160, 160, 155), (180, 140, 90), (40, 30, 25)]","(77, 74, 56)",0.0,True,False,SENTINEL-synthetic-v3-2026-09-15,synthetic Tier-B sample generated for pipeline testing
H2S-2026-0086,images/train/H2S-2026-0086_75ppm_daylight.png,train,STRIP-BATCHA-75ppm,BATCH-SYNTH-001,75.0,15.0,18.75,danger,literature_derived_proxy,Sanderson et al. (1966) J. Air Pollut. Control Assoc. – optical density vs CT; Hochheiser & Santner (1954) – lead-acetate paper calibration; classic PbS staining kinetics (white → brown → black with cumulative dose),"Discrete 9-stage lookup derived by linear interpolation of reported optical-density / reflectance values versus concentration×time product. Stages deliberately placed at 0, 5, 10, 15, 20, 30, 50, 75, 100 ppm to straddle NIOSH/OSHA decision boundaries. Duration fixed at 15 min for all synthetic exposures → dose_ppm_hr = ppm × 0.25.",False,20.1,47.9,daylight,20.0,Pixel_7,False,baselines/baseline_daylight.png,True,"[(255, 255, 252), (193, 186, 169), (214, 160, 97), (50, 38, 24)]","[(245, 245, 240), (160, 160, 155), (180, 140, 90), (40, 30, 25)]","(78, 69, 61)",0.0,True,True,SENTINEL-synthetic-v3-2026-09-15,synthetic Tier-B sample generated for pipeline testing
H2S-2026-0087,images/train/H2S-2026-0087_75ppm_daylight.png,train,STRIP-BATCHA-75ppm,BATCH-SYNTH-001,75.0,15.0,18.75,danger,literature_derived_proxy,Sanderson et al. (1966) J. Air Pollut. Control Assoc. – optical density vs CT; Hochheiser & Santner (1954) – lead-acetate paper calibration; classic PbS staining kinetics (white → brown → black with cumulative dose),"Discrete 9-stage lookup derived by linear interpolation of reported optical-density / reflectance values versus concentration×time product. Stages deliberately placed at 0, 5, 10, 15, 20, 30, 50, 75, 100 ppm to straddle NIOSH/OSHA decision boundaries. Duration fixed at 15 min for all synthetic exposures → dose_ppm_hr = ppm × 0.25.",False,22.5,35.5,daylight,15.0,Samsung_A54,False,baselines/baseline_daylight.png,True,"[(253, 255, 255), (189, 188, 168), (219, 162, 95), (52, 36, 24)]","[(245, 245, 240), (160, 160, 155), (180, 140, 90), (40, 30, 25)]","(76, 71, 61)",1.0,True,True,SENTINEL-synthetic-v3-2026-09-15,synthetic Tier-B sample generated for pipeline testing
H2S-2026-0088,images/test/H2S-2026-0088_75ppm_LED.png,test,STRIP-BATCHA-75ppm,BATCH-SYNTH-001,75.0,15.0,18.75,danger,literature_derived_proxy,Sanderson et al. (1966) J. Air Pollut. Control Assoc. – optical density vs CT; Hochheiser & Santner (1954) – lead-acetate paper calibration; classic PbS staining kinetics (white → brown → black with cumulative dose),"Discrete 9-stage lookup derived by linear interpolation of reported optical-density / reflectance values versus concentration×time product. Stages deliberately placed at 0, 5, 10, 15, 20, 30, 50, 75, 100 ppm to straddle NIOSH/OSHA decision boundaries. Duration fixed at 15 min for all synthetic exposures → dose_ppm_hr = ppm × 0.25.",False,20.9,54.5,LED,10.0,Pixel_7,False,baselines/baseline_LED.png,True,"[(236, 247, 255), (156, 156, 168), (173, 141, 96), (36, 31, 25)]","[(245, 245, 240), (160, 160, 155), (180, 140, 90), (40, 30, 25)]","(75, 65, 59)",1.0,True,True,SENTINEL-synthetic-v3-2026-09-15,synthetic Tier-B sample generated for pipeline testing
H2S-2026-0089,images/train/H2S-2026-0089_75ppm_LED.png,train,STRIP-BATCHA-75ppm,BATCH-SYNTH-001,75.0,15.0,18.75,danger,literature_derived_proxy,Sanderson et al. (1966) J. Air Pollut. Control Assoc. – optical density vs CT; Hochheiser & Santner (1954) – lead-acetate paper calibration; classic PbS staining kinetics (white → brown → black with cumulative dose),"Discrete 9-stage lookup derived by linear interpolation of reported optical-density / reflectance values versus concentration×time product. Stages deliberately placed at 0, 5, 10, 15, 20, 30, 50, 75, 100 ppm to straddle NIOSH/OSHA decision boundaries. Duration fixed at 15 min for all synthetic exposures → dose_ppm_hr = ppm × 0.25.",False,22.7,41.3,LED,20.0,Pixel_7,False,baselines/baseline_LED.png,True,"[(243, 243, 253), (153, 163, 163), (176, 139, 93), (38, 26, 28)]","[(245, 245, 240), (160, 160, 155), (180, 140, 90), (40, 30, 25)]","(73, 70, 57)",0.0,True,True,SENTINEL-synthetic-v3-2026-09-15,synthetic Tier-B sample generated for pipeline testing
H2S-2026-0090,images/validation/H2S-2026-0090_75ppm_LED.png,validation,STRIP-BATCHA-75ppm,BATCH-SYNTH-001,75.0,15.0,18.75,danger,literature_derived_proxy,Sanderson et al. (1966) J. Air Pollut. Control Assoc. – optical density vs CT; Hochheiser & Santner (1954) – lead-acetate paper calibration; classic PbS staining kinetics (white → brown → black with cumulative dose),"Discrete 9-stage lookup derived by linear interpolation of reported optical-density / reflectance values versus concentration×time product. Stages deliberately placed at 0, 5, 10, 15, 20, 30, 50, 75, 100 ppm to straddle NIOSH/OSHA decision boundaries. Duration fixed at 15 min for all synthetic exposures → dose_ppm_hr = ppm × 0.25.",False,21.8,54.9,LED,15.0,Samsung_A54,False,baselines/baseline_LED.png,True,"[(239, 245, 255), (152, 161, 167), (173, 141, 99), (41, 33, 29)]","[(245, 245, 240), (160, 160, 155), (180, 140, 90), (40, 30, 25)]","(71, 64, 56)",1.0,True,True,SENTINEL-synthetic-v3-2026-09-15,synthetic Tier-B sample generated for pipeline testing
H2S-2026-0091,images/holdout/H2S-2026-0091_75ppm_fluorescent.png,holdout,STRIP-BATCHA-75ppm,BATCH-SYNTH-001,75.0,15.0,18.75,danger,literature_derived_proxy,Sanderson et al. (1966) J. Air Pollut. Control Assoc. – optical density vs CT; Hochheiser & Santner (1954) – lead-acetate paper calibration; classic PbS staining kinetics (white → brown → black with cumulative dose),"Discrete 9-stage lookup derived by linear interpolation of reported optical-density / reflectance values versus concentration×time product. Stages deliberately placed at 0, 5, 10, 15, 20, 30, 50, 75, 100 ppm to straddle NIOSH/OSHA decision boundaries. Duration fixed at 15 min for all synthetic exposures → dose_ppm_hr = ppm × 0.25.",False,22.1,52.2,fluorescent,10.0,Pixel_7,False,baselines/baseline_fluorescent.png,True,"[(202, 228, 239), (129, 153, 151), (153, 132, 90), (30, 25, 25)]","[(245, 245, 240), (160, 160, 155), (180, 140, 90), (40, 30, 25)]","(75, 70, 57)",1.41,True,True,SENTINEL-synthetic-v3-2026-09-15,synthetic Tier-B sample generated for pipeline testing
H2S-2026-0092,images/holdout/H2S-2026-0092_75ppm_fluorescent.png,holdout,STRIP-BATCHA-75ppm,BATCH-SYNTH-001,75.0,15.0,18.75,danger,literature_derived_proxy,Sanderson et al. (1966) J. Air Pollut. Control Assoc. – optical density vs CT; Hochheiser & Santner (1954) – lead-acetate paper calibration; classic PbS staining kinetics (white → brown → black with cumulative dose),"Discrete 9-stage lookup derived by linear interpolation of reported optical-density / reflectance values versus concentration×time product. Stages deliberately placed at 0, 5, 10, 15, 20, 30, 50, 75, 100 ppm to straddle NIOSH/OSHA decision boundaries. Duration fixed at 15 min for all synthetic exposures → dose_ppm_hr = ppm × 0.25.",False,23.9,35.9,fluorescent,20.0,Pixel_7,False,baselines/baseline_fluorescent.png,True,"[(203, 234, 233), (133, 153, 153), (145, 129, 91), (34, 32, 22)]","[(245, 245, 240), (160, 160, 155), (180, 140, 90), (40, 30, 25)]","(71, 62, 60)",0.0,True,True,SENTINEL-synthetic-v3-2026-09-15,synthetic Tier-B sample generated for pipeline testing
H2S-2026-0093,images/holdout/H2S-2026-0093_75ppm_fluorescent.png,holdout,STRIP-BATCHA-75ppm,BATCH-SYNTH-001,75.0,15.0,18.75,danger,literature_derived_proxy,Sanderson et al. (1966) J. Air Pollut. Control Assoc. – optical density vs CT; Hochheiser & Santner (1954) – lead-acetate paper calibration; classic PbS staining kinetics (white → brown → black with cumulative dose),"Discrete 9-stage lookup derived by linear interpolation of reported optical-density / reflectance values versus concentration×time product. Stages deliberately placed at 0, 5, 10, 15, 20, 30, 50, 75, 100 ppm to straddle NIOSH/OSHA decision boundaries. Duration fixed at 15 min for all synthetic exposures → dose_ppm_hr = ppm × 0.25.",False,23.2,41.2,fluorescent,15.0,Samsung_A54,False,baselines/baseline_fluorescent.png,True,"[(199, 230, 238), (133, 153, 149), (147, 135, 90), (34, 31, 21)]","[(245, 245, 240), (160, 160, 155), (180, 140, 90), (40, 30, 25)]","(72, 64, 60)",1.0,True,True,SENTINEL-synthetic-v3-2026-09-15,synthetic Tier-B sample generated for pipeline testing
H2S-2026-0094,images/train/H2S-2026-0094_75ppm_dim_indoor.png,train,STRIP-BATCHA-75ppm,BATCH-SYNTH-001,75.0,15.0,18.75,danger,literature_derived_proxy,Sanderson et al. (1966) J. Air Pollut. Control Assoc. – optical density vs CT; Hochheiser & Santner (1954) – lead-acetate paper calibration; classic PbS staining kinetics (white → brown → black with cumulative dose),"Discrete 9-stage lookup derived by linear interpolation of reported optical-density / reflectance values versus concentration×time product. Stages deliberately placed at 0, 5, 10, 15, 20, 30, 50, 75, 100 ppm to straddle NIOSH/OSHA decision boundaries. Duration fixed at 15 min for all synthetic exposures → dose_ppm_hr = ppm × 0.25.",False,20.9,52.8,dim_indoor,10.0,Pixel_7,False,baselines/baseline_dim_indoor.png,True,"[(173, 154, 136), (116, 102, 82), (128, 86, 52), (27, 18, 16)]","[(245, 245, 240), (160, 160, 155), (180, 140, 90), (40, 30, 25)]","(75, 66, 53)",0.0,True,True,SENTINEL-synthetic-v3-2026-09-15,synthetic Tier-B sample generated for pipeline testing
H2S-2026-0095,images/test/H2S-2026-0095_75ppm_dim_indoor.png,test,STRIP-BATCHA-75ppm,BATCH-SYNTH-001,75.0,15.0,18.75,danger,literature_derived_proxy,Sanderson et al. (1966) J. Air Pollut. Control Assoc. – optical density vs CT; Hochheiser & Santner (1954) – lead-acetate paper calibration; classic PbS staining kinetics (white → brown → black with cumulative dose),"Discrete 9-stage lookup derived by linear interpolation of reported optical-density / reflectance values versus concentration×time product. Stages deliberately placed at 0, 5, 10, 15, 20, 30, 50, 75, 100 ppm to straddle NIOSH/OSHA decision boundaries. Duration fixed at 15 min for all synthetic exposures → dose_ppm_hr = ppm × 0.25.",False,24.0,35.7,dim_indoor,20.0,Pixel_7,False,baselines/baseline_dim_indoor.png,True,"[(176, 152, 129), (118, 102, 85), (128, 84, 47), (29, 22, 12)]","[(245, 245, 240), (160, 160, 155), (180, 140, 90), (40, 30, 25)]","(72, 61, 61)",0.0,True,True,SENTINEL-synthetic-v3-2026-09-15,synthetic Tier-B sample generated for pipeline testing
H2S-2026-0096,images/train/H2S-2026-0096_75ppm_dim_indoor.png,train,STRIP-BATCHA-75ppm,BATCH-SYNTH-001,75.0,15.0,18.75,danger,literature_derived_proxy,Sanderson et al. (1966) J. Air Pollut. Control Assoc. – optical density vs CT; Hochheiser & Santner (1954) – lead-acetate paper calibration; classic PbS staining kinetics (white → brown → black with cumulative dose),"Discrete 9-stage lookup derived by linear interpolation of reported optical-density / reflectance values versus concentration×time product. Stages deliberately placed at 0, 5, 10, 15, 20, 30, 50, 75, 100 ppm to straddle NIOSH/OSHA decision boundaries. Duration fixed at 15 min for all synthetic exposures → dose_ppm_hr = ppm × 0.25.",False,23.2,46.2,dim_indoor,15.0,Samsung_A54,False,baselines/baseline_dim_indoor.png,True,"[(176, 154, 136), (112, 95, 82), (128, 88, 52), (32, 20, 15)]","[(245, 245, 240), (160, 160, 155), (180, 140, 90), (40, 30, 25)]","(68, 63, 55)",0.0,True,True,SENTINEL-synthetic-v3-2026-09-15,synthetic Tier-B sample generated for pipeline testing
H2S-2026-0097,images/validation/H2S-2026-0097_100ppm_daylight.png,validation,STRIP-BATCHA-100ppm,BATCH-SYNTH-001,100.0,15.0,25.0,danger,literature_derived_proxy,Sanderson et al. (1966) J. Air Pollut. Control Assoc. – optical density vs CT; Hochheiser & Santner (1954) – lead-acetate paper calibration; classic PbS staining kinetics (white → brown → black with cumulative dose),"Discrete 9-stage lookup derived by linear interpolation of reported optical-density / reflectance values versus concentration×time product. Stages deliberately placed at 0, 5, 10, 15, 20, 30, 50, 75, 100 ppm to straddle NIOSH/OSHA decision boundaries. Duration fixed at 15 min for all synthetic exposures → dose_ppm_hr = ppm × 0.25.",False,21.7,58.5,daylight,10.0,Pixel_7,False,baselines/baseline_daylight.png,True,"[(255, 253, 255), (191, 185, 171), (221, 160, 95), (52, 33, 27)]","[(245, 245, 240), (160, 160, 155), (180, 140, 90), (40, 30, 25)]","(29, 31, 25)",0.0,True,True,SENTINEL-synthetic-v3-2026-09-15,synthetic Tier-B sample generated for pipeline testing
H2S-2026-0098,images/test/H2S-2026-0098_100ppm_daylight.png,test,STRIP-BATCHA-100ppm,BATCH-SYNTH-001,100.0,15.0,25.0,danger,literature_derived_proxy,Sanderson et al. (1966) J. Air Pollut. Control Assoc. – optical density vs CT; Hochheiser & Santner (1954) – lead-acetate paper calibration; classic PbS staining kinetics (white → brown → black with cumulative dose),"Discrete 9-stage lookup derived by linear interpolation of reported optical-density / reflectance values versus concentration×time product. Stages deliberately placed at 0, 5, 10, 15, 20, 30, 50, 75, 100 ppm to straddle NIOSH/OSHA decision boundaries. Duration fixed at 15 min for all synthetic exposures → dose_ppm_hr = ppm × 0.25.",False,21.7,58.1,daylight,20.0,Pixel_7,False,baselines/baseline_daylight.png,True,"[(252, 255, 254), (197, 187, 167), (217, 168, 95), (52, 33, 25)]","[(245, 245, 240), (160, 160, 155), (180, 140, 90), (40, 30, 25)]","(29, 31, 26)",1.0,True,True,SENTINEL-synthetic-v3-2026-09-15,synthetic Tier-B sample generated for pipeline testing
H2S-2026-0099,images/train/H2S-2026-0099_100ppm_daylight.png,train,STRIP-BATCHA-100ppm,BATCH-SYNTH-001,100.0,15.0,25.0,danger,literature_derived_proxy,Sanderson et al. (1966) J. Air Pollut. Control Assoc. – optical density vs CT; Hochheiser & Santner (1954) – lead-acetate paper calibration; classic PbS staining kinetics (white → brown → black with cumulative dose),"Discrete 9-stage lookup derived by linear interpolation of reported optical-density / reflectance values versus concentration×time product. Stages deliberately placed at 0, 5, 10, 15, 20, 30, 50, 75, 100 ppm to straddle NIOSH/OSHA decision boundaries. Duration fixed at 15 min for all synthetic exposures → dose_ppm_hr = ppm × 0.25.",False,22.3,52.2,daylight,15.0,Samsung_A54,False,baselines/baseline_daylight.png,True,"[(251, 252, 251), (193, 186, 171), (213, 167, 102), (48, 35, 30)]","[(245, 245, 240), (160, 160, 155), (180, 140, 90), (40, 30, 25)]","(33, 30, 22)",0.0,True,True,SENTINEL-synthetic-v3-2026-09-15,synthetic Tier-B sample generated for pipeline testing
H2S-2026-0100,images/train/H2S-2026-0100_100ppm_LED.png,train,STRIP-BATCHA-100ppm,BATCH-SYNTH-001,100.0,15.0,25.0,danger,literature_derived_proxy,Sanderson et al. (1966) J. Air Pollut. Control Assoc. – optical density vs CT; Hochheiser & Santner (1954) – lead-acetate paper calibration; classic PbS staining kinetics (white → brown → black with cumulative dose),"Discrete 9-stage lookup derived by linear interpolation of reported optical-density / reflectance values versus concentration×time product. Stages deliberately placed at 0, 5, 10, 15, 20, 30, 50, 75, 100 ppm to straddle NIOSH/OSHA decision boundaries. Duration fixed at 15 min for all synthetic exposures → dose_ppm_hr = ppm × 0.25.",False,20.6,46.2,LED,10.0,Pixel_7,False,baselines/baseline_LED.png,True,"[(242, 248, 255), (155, 161, 165), (177, 141, 98), (41, 28, 28)]","[(245, 245, 240), (160, 160, 155), (180, 140, 90), (40, 30, 25)]","(32, 31, 24)",1.0,True,True,SENTINEL-synthetic-v3-2026-09-15,synthetic Tier-B sample generated for pipeline testing
H2S-2026-0101,images/train/H2S-2026-0101_100ppm_LED.png,train,STRIP-BATCHA-100ppm,BATCH-SYNTH-001,100.0,15.0,25.0,danger,literature_derived_proxy,Sanderson et al. (1966) J. Air Pollut. Control Assoc. – optical density vs CT; Hochheiser & Santner (1954) – lead-acetate paper calibration; classic PbS staining kinetics (white → brown → black with cumulative dose),"Discrete 9-stage lookup derived by linear interpolation of reported optical-density / reflectance values versus concentration×time product. Stages deliberately placed at 0, 5, 10, 15, 20, 30, 50, 75, 100 ppm to straddle NIOSH/OSHA decision boundaries. Duration fixed at 15 min for all synthetic exposures → dose_ppm_hr = ppm × 0.25.",False,20.5,44.8,LED,20.0,Pixel_7,False,baselines/baseline_LED.png,True,"[(236, 245, 255), (158, 159, 165), (177, 141, 96), (37, 33, 31)]","[(245, 245, 240), (160, 160, 155), (180, 140, 90), (40, 30, 25)]","(36, 26, 21)",1.0,True,True,SENTINEL-synthetic-v3-2026-09-15,synthetic Tier-B sample generated for pipeline testing
H2S-2026-0102,images/train/H2S-2026-0102_100ppm_LED.png,train,STRIP-BATCHA-100ppm,BATCH-SYNTH-001,100.0,15.0,25.0,danger,literature_derived_proxy,Sanderson et al. (1966) J. Air Pollut. Control Assoc. – optical density vs CT; Hochheiser & Santner (1954) – lead-acetate paper calibration; classic PbS staining kinetics (white → brown → black with cumulative dose),"Discrete 9-stage lookup derived by linear interpolation of reported optical-density / reflectance values versus concentration×time product. Stages deliberately placed at 0, 5, 10, 15, 20, 30, 50, 75, 100 ppm to straddle NIOSH/OSHA decision boundaries. Duration fixed at 15 min for all synthetic exposures → dose_ppm_hr = ppm × 0.25.",False,23.8,44.1,LED,15.0,Samsung_A54,False,baselines/baseline_LED.png,True,"[(239, 244, 255), (152, 156, 167), (179, 143, 97), (43, 26, 24)]","[(245, 245, 240), (160, 160, 155), (180, 140, 90), (40, 30, 25)]","(30, 33, 27)",0.0,True,True,SENTINEL-synthetic-v3-2026-09-15,synthetic Tier-B sample generated for pipeline testing
H2S-2026-0103,images/holdout/H2S-2026-0103_100ppm_fluorescent.png,holdout,STRIP-BATCHA-100ppm,BATCH-SYNTH-001,100.0,15.0,25.0,danger,literature_derived_proxy,Sanderson et al. (1966) J. Air Pollut. Control Assoc. – optical density vs CT; Hochheiser & Santner (1954) – lead-acetate paper calibration; classic PbS staining kinetics (white → brown → black with cumulative dose),"Discrete 9-stage lookup derived by linear interpolation of reported optical-density / reflectance values versus concentration×time product. Stages deliberately placed at 0, 5, 10, 15, 20, 30, 50, 75, 100 ppm to straddle NIOSH/OSHA decision boundaries. Duration fixed at 15 min for all synthetic exposures → dose_ppm_hr = ppm × 0.25.",False,20.6,59.4,fluorescent,10.0,Pixel_7,False,baselines/baseline_fluorescent.png,True,"[(204, 227, 241), (131, 152, 157), (149, 129, 91), (37, 31, 28)]","[(245, 245, 240), (160, 160, 155), (180, 140, 90), (40, 30, 25)]","(28, 26, 20)",1.0,True,True,SENTINEL-synthetic-v3-2026-09-15,synthetic Tier-B sample generated for pipeline testing
H2S-2026-0104,images/holdout/H2S-2026-0104_100ppm_fluorescent.png,holdout,STRIP-BATCHA-100ppm,BATCH-SYNTH-001,100.0,15.0,25.0,danger,literature_derived_proxy,Sanderson et al. (1966) J. Air Pollut. Control Assoc. – optical density vs CT; Hochheiser & Santner (1954) – lead-acetate paper calibration; classic PbS staining kinetics (white → brown → black with cumulative dose),"Discrete 9-stage lookup derived by linear interpolation of reported optical-density / reflectance values versus concentration×time product. Stages deliberately placed at 0, 5, 10, 15, 20, 30, 50, 75, 100 ppm to straddle NIOSH/OSHA decision boundaries. Duration fixed at 15 min for all synthetic exposures → dose_ppm_hr = ppm × 0.25.",False,22.6,38.7,fluorescent,20.0,Pixel_7,False,baselines/baseline_fluorescent.png,True,"[(204, 232, 238), (136, 152, 151), (148, 136, 91), (37, 24, 20)]","[(245, 245, 240), (160, 160, 155), (180, 140, 90), (40, 30, 25)]","(28, 34, 28)",0.0,True,True,SENTINEL-synthetic-v3-2026-09-15,synthetic Tier-B sample generated for pipeline testing
H2S-2026-0105,images/holdout/H2S-2026-0105_100ppm_fluorescent.png,holdout,STRIP-BATCHA-100ppm,BATCH-SYNTH-001,100.0,15.0,25.0,danger,literature_derived_proxy,Sanderson et al. (1966) J. Air Pollut. Control Assoc. – optical density vs CT; Hochheiser & Santner (1954) – lead-acetate paper calibration; classic PbS staining kinetics (white → brown → black with cumulative dose),"Discrete 9-stage lookup derived by linear interpolation of reported optical-density / reflectance values versus concentration×time product. Stages deliberately placed at 0, 5, 10, 15, 20, 30, 50, 75, 100 ppm to straddle NIOSH/OSHA decision boundaries. Duration fixed at 15 min for all synthetic exposures → dose_ppm_hr = ppm × 0.25.",False,21.8,51.8,fluorescent,15.0,Samsung_A54,False,baselines/baseline_fluorescent.png,True,"[(206, 229, 238), (133, 149, 155), (149, 133, 93), (37, 32, 27)]","[(245, 245, 240), (160, 160, 155), (180, 140, 90), (40, 30, 25)]","(29, 25, 21)",0.0,True,True,SENTINEL-synthetic-v3-2026-09-15,synthetic Tier-B sample generated for pipeline testing
H2S-2026-0106,images/test/H2S-2026-0106_100ppm_dim_indoor.png,test,STRIP-BATCHA-100ppm,BATCH-SYNTH-001,100.0,15.0,25.0,danger,literature_derived_proxy,Sanderson et al. (1966) J. Air Pollut. Control Assoc. – optical density vs CT; Hochheiser & Santner (1954) – lead-acetate paper calibration; classic PbS staining kinetics (white → brown → black with cumulative dose),"Discrete 9-stage lookup derived by linear interpolation of reported optical-density / reflectance values versus concentration×time product. Stages deliberately placed at 0, 5, 10, 15, 20, 30, 50, 75, 100 ppm to straddle NIOSH/OSHA decision boundaries. Duration fixed at 15 min for all synthetic exposures → dose_ppm_hr = ppm × 0.25.",False,20.1,42.8,dim_indoor,10.0,Pixel_7,False,baselines/baseline_dim_indoor.png,True,"[(175, 147, 135), (114, 97, 81), (131, 84, 53), (30, 16, 12)]","[(245, 245, 240), (160, 160, 155), (180, 140, 90), (40, 30, 25)]","(32, 33, 26)",0.0,True,True,SENTINEL-synthetic-v3-2026-09-15,synthetic Tier-B sample generated for pipeline testing
H2S-2026-0107,images/train/H2S-2026-0107_100ppm_dim_indoor.png,train,STRIP-BATCHA-100ppm,BATCH-SYNTH-001,100.0,15.0,25.0,danger,literature_derived_proxy,Sanderson et al. (1966) J. Air Pollut. Control Assoc. – optical density vs CT; Hochheiser & Santner (1954) – lead-acetate paper calibration; classic PbS staining kinetics (white → brown → black with cumulative dose),"Discrete 9-stage lookup derived by linear interpolation of reported optical-density / reflectance values versus concentration×time product. Stages deliberately placed at 0, 5, 10, 15, 20, 30, 50, 75, 100 ppm to straddle NIOSH/OSHA decision boundaries. Duration fixed at 15 min for all synthetic exposures → dose_ppm_hr = ppm × 0.25.",False,22.7,48.7,dim_indoor,20.0,Pixel_7,False,baselines/baseline_dim_indoor.png,True,"[(174, 153, 136), (117, 94, 83), (132, 85, 53), (29, 21, 17)]","[(245, 245, 240), (160, 160, 155), (180, 140, 90), (40, 30, 25)]","(34, 25, 17)",0.0,True,True,SENTINEL-synthetic-v3-2026-09-15,synthetic Tier-B sample generated for pipeline testing
H2S-2026-0108,images/train/H2S-2026-0108_100ppm_dim_indoor.png,train,STRIP-BATCHA-100ppm,BATCH-SYNTH-001,100.0,15.0,25.0,danger,literature_derived_proxy,Sanderson et al. (1966) J. Air Pollut. Control Assoc. – optical density vs CT; Hochheiser & Santner (1954) – lead-acetate paper calibration; classic PbS staining kinetics (white → brown → black with cumulative dose),"Discrete 9-stage lookup derived by linear interpolation of reported optical-density / reflectance values versus concentration×time product. Stages deliberately placed at 0, 5, 10, 15, 20, 30, 50, 75, 100 ppm to straddle NIOSH/OSHA decision boundaries. Duration fixed at 15 min for all synthetic exposures → dose_ppm_hr = ppm × 0.25.",False,24.0,41.8,dim_indoor,15.0,Samsung_A54,False,baselines/baseline_dim_indoor.png,True,"[(175, 154, 131), (113, 98, 89), (128, 85, 49), (28, 17, 16)]","[(245, 245, 240), (160, 160, 155), (180, 140, 90), (40, 30, 25)]","(35, 31, 19)",0.0,True,True,SENTINEL-synthetic-v3-2026-09-15,synthetic Tier-B sample generated for pipeline testing
