filename,true_ppm_hour,rgb_r_mean,rgb_g_mean,rgb_b_mean,rgb_r_std,rgb_g_std,rgb_b_std,hsv_h_mean,hsv_s_mean,hsv_v_mean,hsv_h_std,hsv_s_std,hsv_v_std,lab_l_mean,lab_a_mean,lab_b_mean,lab_l_std,lab_a_std,lab_b_std,norm_r,norm_g,norm_b,norm_lab_l,norm_lab_a,norm_lab_b,delta_e,brightness_mean,brightness_std,blur_score,temperature_c,humidity_pct,exposure_duration_min
train/sample_0000.jpg,0.0,201.0,198.0,198.0,0.0,0.0,0.0,0.0,4.0,201.0,0.0,0.0,0.0,80.0,1.0,0.0,0.0,0.0,0.0,1.0171155412893247,1.0009250974385417,1.000594629468354,1.0014612825577192,1.072333333333333,-0.028999999999996362,7.681145747868608,199.0,0.0,0.0,0.0,0.0,0.0
train/sample_0001.jpg,0.0,207.50215277777778,210.09597222222223,198.85604166666667,2.0924456262662625,2.3075264291986732,2.5812434338763346,36.95458333333333,13.71076388888889,210.09791666666666,3.136814306435127,2.135063289414875,2.305758755269099,83.82734204793029,-2.8797916666666667,5.345416666666667,0.7879317347121233,0.6997479394892452,0.8600669184235996,1.0523773478900829,1.0655034598956397,1.0084080044760426,1.0523451940028763,-2.8457916666666607,5.399083333333339,1.5061449873433683,208.055625,2.2639451243441537,30.989101543209877,0.0,0.0,0.0
train/sample_0002.jpg,0.0,212.7975,215.08291666666668,204.15840277777778,3.10603702042049,3.008541053539596,3.4421779610515273,35.98215277777778,12.933541666666667,215.10319444444445,5.379296817841181,2.5423004588884313,2.997599190458311,85.64278322440087,-2.6588194444444446,5.041944444444445,1.0454906141970175,0.9743509210749951,1.0096295234844106,1.0778377146330345,1.0893602096167776,1.033893163424753,1.0741327841079868,-2.623486111111118,5.064944444444441,0.9213971295641323,213.11909722222222,2.908807844097161,54.76738190104166,0.0,0.0,0.0
train/sample_0003.jpg,0.303,214.26805555555555,217.26722222222222,209.67409722222223,2.4237726784732527,2.319239112667941,2.542712056379782,41.964930555555554,8.710416666666667,217.27930555555557,6.34900085058527,1.584701985214857,2.318893310269799,86.40364923747278,-2.2736805555555555,3.421111111111111,0.841593262879562,0.7006160449202482,0.7430409655888496,1.084800848303814,1.1002561856195072,1.061635623223286,1.0834606409199368,-2.2653472222222155,3.443444444444447,2.130263446572723,215.49840277777778,2.270859529877779,32.49938192515432,0.0,0.0,0.0
train/sample_0004.jpg,0.303,210.68569444444444,211.5048611111111,199.10111111111112,2.0853565684904685,2.0848604356803473,2.755963007510591,32.08569444444444,15.47638888888889,211.84305555555557,3.51935376264396,1.9026657509600682,1.9985290694304236,84.39169389978213,-2.5011111111111113,5.935138888888889,0.7167656820464384,0.6604913060988,0.7395296798483095,1.0680951994696055,1.0720415346708905,1.0073112433273521,1.0590319357184645,-2.4377777777777787,6.143472222222218,1.2229609146467584,209.905,2.0549067294324255,25.139187263695987,0.0,0.0,0.0
train/sample_0005.jpg,0.303,201.0090277777778,204.42236111111112,197.30979166666665,2.818574629785677,2.8205742091990076,2.9761437971037625,44.33166666666666,8.95861111111111,204.43055555555554,5.432553369375289,1.8536999828838516,2.818250978931209,81.80065359477123,-2.3959722222222224,3.1449305555555553,1.0013927248914853,0.8143746062030637,0.6770303789833644,1.017987148841156,1.0350411951516585,0.9987099160781111,1.0257597613349507,-2.412305555555558,3.2022638888888877,3.7193943142846866,202.4595138888889,2.766144486329581,43.99688259548611,0.0,0.0,0.0
train/sample_0006.jpg,0.606,210.535625,209.9963888888889,198.07131944444444,2.067501920847745,2.012630468894251,2.685580773762083,28.9325,15.532916666666667,210.7942361111111,2.7079921579979094,1.8773947207499195,1.9727892267397886,83.96323529411764,-1.9740972222222222,5.933125,0.7223733132406971,0.5680949074592844,0.7830939073370021,1.0660841329721245,1.0631311043197054,1.0016451379266555,1.0527140644590307,-1.8774305555555582,5.872791666666654,1.3950893429759066,208.79486111111112,1.9995141722814371,22.458288845486113,0.0,0.0,0.0
train/sample_0007.jpg,0.606,206.76444444444445,207.84604166666668,198.8292361111111,2.5178666503878127,2.3437220276106983,2.77034258307238,33.54083333333333,11.218958333333333,208.009375,5.294231596223447,1.996744301061098,2.285305328114601,83.1450980392157,-1.9915277777777778,4.415277777777778,0.8448091039668834,0.7360256632795985,0.8843013127483161,1.047265621922298,1.0526799491503105,1.006129179078379,1.042478636120772,-2.063861111111125,4.485944444444446,1.9448992621293604,206.60131944444444,2.3421881822963284,31.54879436728395,0.0,0.0,0.0
train/sample_0008.jpg,0.606,203.54958333333335,208.93979166666668,201.56395833333335,2.872119299547255,2.875625528266757,3.019923361506959,52.034305555555555,9.147777777777778,208.9404861111111,4.5423550935085215,1.9508817253162425,2.875615834975868,83.32704248366014,-3.18375,3.049097222222222,1.00690880102369,0.6457014650319793,0.8048588671956066,1.0310171068315894,1.057480371085183,1.0211319485019708,1.044776990880662,-3.1550833333333337,2.978097222222224,2.829500408609105,206.6340972222222,2.784893004426453,45.74186572145061,0.0,0.0,0.0
train/sample_0009.jpg,0.909,214.08881944444445,209.84006944444445,194.78298611111111,2.7144341533650898,2.5786877575102727,3.750452117164135,23.620208333333334,23.040902777777777,214.095,2.34256980470818,3.109404510065257,2.714979537471546,84.17875816993464,-1.1492361111111111,8.012708333333334,0.9341508269681653,0.7073174871193817,1.094705515164035,1.0839610920399605,1.0618648553975976,0.9866542817568393,1.0550807816511536,-1.1109027777777842,7.900041666666679,3.2364562162684303,209.33145833333333,2.655248332378202,39.574611684992284,0.0,0.0,0.0
train/sample_0010.jpg,0.909,205.44555555555556,204.95479166666667,192.0225,3.9325503771898456,3.524769194325281,4.548891119455857,29.06513888888889,17.196041666666666,205.91208333333333,4.220986750438372,2.8433593977777933,3.72143469851046,82.13703703703703,-2.145486111111111,6.514722222222222,1.290378815238597,1.0284902161941545,1.1053179183462483,1.0403307434920603,1.0376704728601975,0.9720427041219231,1.0294109616270968,-2.1998194444444574,6.569055555555554,3.242237891691132,203.5154861111111,3.5483617757316916,70.7756234375,0.0,0.0,0.0
train/sample_0011.jpg,0.909,201.26409722222223,199.77243055555556,187.28576388888888,4.1162334308461,3.5609695048709917,4.458100317876195,27.34486111111111,18.295277777777777,201.6823611111111,5.27479212151109,2.6195907081821534,3.895377600101812,80.36067538126362,-1.6490277777777778,6.5188194444444445,1.3048393860917071,1.0354878878553153,0.9924331747218955,1.0176932077072396,1.011545244231703,0.9478616102332073,1.0069864186489412,-1.7556944444444327,6.5114861111111235,4.894213616466654,198.79631944444444,3.653590366286554,78.4709253423997,0.0,0.0,0.0
train/sample_0012.jpg,1.212,203.72756944444444,204.27555555555554,192.35458333333332,2.1586109044578428,2.128715633172734,1.7493549902592551,31.396319444444444,15.100069444444445,204.44034722222221,2.685573662731325,1.245346893065029,2.0999794685485313,81.85827886710241,-2.222916666666667,5.763888888888889,0.7193116478140776,0.6491681375678672,0.6039926313833904,1.032748636086619,1.0336959883050798,0.9743205413719687,1.0262485407765884,-1.955916666666671,5.547888888888881,3.2409303836616075,202.7463888888889,2.053990226063754,23.893326215277785,0.0,0.0,0.0
train/sample_0013.jpg,1.212,204.666875,202.14583333333334,185.46277777777777,2.5439334069152726,2.885256463663274,3.5633166596983097,26.1625,24.04513888888889,204.69875,2.491927940593537,2.707944327475964,2.5429802275087074,81.24289215686274,-2.064236111111111,8.674236111111112,0.9762652485043316,0.9041409979928702,1.015260010389451,1.0380381859033205,1.0254460262196288,0.940593501473864,1.0198990534672832,-2.2989027777777804,8.682902777777782,5.255473016116354,201.0125,2.6181756530072615,34.20616700906636,0.0,0.0,0.0
train/sample_0014.jpg,1.212,200.62631944444445,198.5167361111111,182.73520833333333,2.3110276834150607,2.561574583538274,3.301087251184196,26.58361111111111,22.942291666666666,200.75416666666666,2.8527682976149236,2.581491875606057,2.298214131547463,79.92723311546841,-2.1297916666666667,8.121180555555556,0.8613215847971496,0.7901485169380782,1.0575633659290808,1.0172871478850425,1.0052023203503537,0.9240329105389575,1.002035941162557,-2.0757916666666647,8.370847222222226,5.957480826818876,197.37701388888888,2.4786896123257436,37.85788193962192,0.0,0.0,0.0
train/sample_0015.jpg,1.515,198.79555555555555,195.06868055555555,182.675625,2.945761026405586,2.486282853122833,4.304211796915507,24.61659722222222,20.79173611111111,198.795625,14.583448173985659,2.465010939197332,2.945777632370711,78.85242374727669,-1.0215972222222223,6.660555555555556,0.9793721542001763,0.7884708858100352,1.214632876506872,1.005558459368168,0.987497855549837,0.9240322164557346,0.9882292141077685,-1.0165972222222268,6.544888888888886,6.44262450649557,194.82652777777778,2.7461420715261933,35.727095659722224,0.0,0.0,0.0
train/sample_0016.jpg,1.515,202.01902777777778,200.18625,190.20138888888889,2.815640670987146,2.8693117339161414,3.475669122452077,25.42215277777778,14.913125,202.13416666666666,3.596204917686741,2.1612804746100323,2.802761411140563,80.60582788671024,-1.0330555555555556,5.134027777777778,0.9948445630686454,0.6166816189378459,0.8572941277359931,1.0223703994853766,1.0133122366784832,0.9625024318218366,1.0101328421102065,-0.9963888888888939,5.161694444444439,4.501299097490788,199.285625,2.8802515367464965,46.4218302035108,0.0,0.0,0.0
train/sample_0017.jpg,1.515,197.46020833333333,198.15055555555554,184.18006944444446,0.7281635659791186,1.1043347531041705,3.5223697824145397,33.048541666666665,18.300694444444446,198.26159722222224,11.066594720445861,3.2034485872386536,1.4008321748926504,79.6269063180828,-2.5726388888888887,6.9002083333333335,0.37900004996361447,0.7772824687753044,1.7122029218191723,0.9993599854915985,1.0038835749379664,0.9317615813892833,0.998756908191016,-2.673972222222232,7.009208333333328,5.727900376385386,196.18701388888888,1.0841462205739947,5.845260416666667,0.0,0.0,0.0
train/sample_0018.jpg,1.818,191.78451388888888,192.25895833333334,180.99534722222222,2.939320908404446,3.052928288897776,4.163587931432755,31.238055555555555,15.224930555555556,192.50118055555555,3.3087840326454567,2.7429511926349925,3.007744401385291,77.52056100217865,-2.3575,5.559027777777778,1.115287541704331,0.7298967773292026,0.9937242795025385,0.9715691613614998,0.9752671185856031,0.9163903782724951,0.9736605371533336,-2.313500000000003,5.596027777777784,7.508816553123266,190.7632638888889,3.0399420521389304,45.25949930555556,0.0,0.0,0.0
train/sample_0019.jpg,1.818,197.64541666666668,192.62423611111112,172.91604166666667,3.7757035538276087,3.806698606087034,5.054601138065035,24.02715277777778,31.937569444444446,197.66611111111112,2.667843272506636,4.397875709824614,3.7661749515167298,77.86541394335512,-1.5669444444444445,10.653541666666667,1.3675895969357657,1.0750796338577913,1.4999194278128927,1.0003648434336618,0.9753850215599696,0.8759589146344348,0.9761024371272727,-1.5782777777777846,10.534208333333323,9.113308328516332,192.03208333333333,3.722054927314271,80.68103238811729,0.0,0.0,0.0
train/sample_0020.jpg,1.818,207.04305555555555,201.42756944444446,185.97430555555556,3.593853796139376,3.7728788644392637,5.118461228834368,22.18145833333333,26.073125,207.07465277777777,3.592651154469196,4.128693627251936,3.586691723346948,81.2085239651416,-0.8163888888888889,8.333194444444445,1.3133547285046232,1.20601882419844,1.3449321816740312,1.0483705812886481,1.0193702907107514,0.9403755223625677,1.0176156705558856,-0.8163888888888889,8.537194444444438,5.185210795110128,201.4007638888889,3.5534626266074594,69.7765708140432,0.0,0.0,0.0
train/sample_0021.jpg,2.121,195.4807638888889,196.1665277777778,182.0507638888889,3.419233503258612,3.181005544950515,4.092879076969588,31.436458333333334,18.7975,196.59520833333335,4.466245777550464,2.9710350562651513,3.173408058633096,78.86778322440087,-2.8600694444444446,7.107916666666667,1.1416021227742719,1.0181355485285193,1.191879278818865,0.9901002043988524,0.9934410616969257,0.9218320297379532,0.9887003045826136,-2.826402777777783,7.250250000000007,6.541186032044763,194.29284722222224,3.1706560754646933,62.147545351080254,0.0,0.0,0.0
train/sample_0022.jpg,2.121,195.39479166666666,193.59868055555555,180.31340277777778,2.2449419903264443,2.2623085390223565,3.2470351141021507,26.46736111111111,19.796666666666667,195.47104166666668,2.246117943039546,2.610510805698011,2.221172181388569,78.21775599128542,-1.7960416666666668,6.712916666666667,0.8211345956070745,0.5916064743443155,0.8816492397458551,0.9892789395430158,0.9823654087071635,0.9147284314703616,0.981949789261499,-2.022708333333326,6.668249999999995,6.9981794991572945,192.60881944444444,2.276319518594221,29.264766589506173,0.0,0.0,0.0
train/sample_0023.jpg,2.121,199.1392361111111,196.8501388888889,177.24159722222223,1.0730871740639256,1.102919097787931,3.4712958201668096,26.998194444444444,27.966041666666666,199.1472222222222,5.52327117908718,4.371771780212807,1.0692640540502103,79.18513071895426,-2.5243055555555554,9.982013888888888,0.41275657977499147,0.7068854346688107,1.6281026277461028,1.0085790975617441,0.9968088242823617,0.8968612024272764,0.992377776576417,-2.6099722222222237,10.107347222222218,7.6751588557057016,195.38756944444444,1.0893415101486883,6.727101832561727,0.0,0.0,0.0
train/sample_0024.jpg,2.424,189.44465277777778,190.63986111111112,175.7151388888889,3.0947748107798536,2.911403819969287,3.8759900144126767,32.394444444444446,20.06111111111111,190.70868055555556,2.468152080273493,2.238430474161514,2.919699791104966,76.75925925925925,-3.053541666666667,7.4125,1.0745484773417346,0.5485915916007098,0.854065034604118,0.9610706907582304,0.9661326006360704,0.8916457348409887,0.9632919663924363,-2.922874999999997,7.356499999999988,8.65100654545511,188.5936111111111,2.9956196287039756,46.95529918499228,0.0,0.0,0.0
train/sample_0025.jpg,2.424,201.37472222222223,195.2098611111111,177.9103472222222,1.6391477902846545,2.4759089201160633,3.926753485386138,22.86638888888889,29.75888888888889,201.46625,4.705854304762571,4.082422196154201,1.8656544409551745,78.99014161220043,-0.8216666666666667,9.544444444444444,0.8017446196078152,0.6681254872152884,1.2871576016005284,1.0196704755796355,0.9880258252675065,0.9024690768308161,0.9900719660601134,-0.7876666666666606,9.44444444444445,7.626194502797004,195.17104166666667,2.160403196277517,26.447403428819445,0.0,0.0,0.0
train/sample_0026.jpg,2.424,190.15166666666667,187.4415972222222,170.6796527777778,3.099650069855598,3.585085649680846,4.540445082379643,25.993194444444445,26.18923611111111,190.16625,2.2536903849198864,2.950886538130484,3.154207920249748,75.8806917211329,-1.9940277777777777,8.817847222222222,1.2759575387219444,0.7325510215871622,1.0916098351583803,0.9624131566604919,0.9489768810644453,0.8652405225069338,0.9514048347611549,-1.922027777777775,8.77651388888888,9.886241781621678,186.37277777777777,3.5073625823331436,65.305225,0.0,0.0,0.0
train/sample_0027.jpg,2.727,202.468125,194.4895138888889,176.03006944444445,3.0628528070587606,3.102848339711789,4.256808108543254,21.113125,33.34458333333333,202.47131944444445,2.0357349098703645,3.6808077455527703,3.059072968356859,78.88254357298477,-0.3408333333333333,10.264236111111112,1.101510311737211,0.7855107149704155,1.1877143548412588,1.0247019461436462,0.9850479747886155,0.8913050296685238,0.9886714829026084,-0.4001666666666752,10.316236111111118,8.239434992627464,194.83083333333335,3.087293740298919,53.33168437017747,0.0,0.0,0.0
train/sample_0028.jpg,2.727,191.43756944444445,187.62972222222223,172.87409722222222,3.1962638229241507,3.598048071224095,4.837905439972077,23.96236111111111,24.6575,191.44326388888888,1.8610704753026268,2.9618264588296515,3.2121043487142664,76.10855119825708,-1.1447222222222222,7.9875,1.27170402176237,0.6439029693599939,1.024483270835704,0.9693352332536121,0.9492388854224636,0.8739636942617913,0.9534569880499313,-1.1233888888888912,8.040166666666668,9.418838469852648,186.81895833333334,3.6038850985872797,66.96396896219136,0.0,0.0,0.0
train/sample_0029.jpg,2.727,200.02284722222223,194.19819444444445,177.149375,2.6746947289973484,2.8637139960337556,3.9950289803480734,22.278055555555557,29.090208333333333,200.02284722222223,1.336004240355195,2.848267253171236,2.6746947289973484,78.5511165577342,-0.9342361111111112,9.115694444444445,1.0411068636180467,0.47934573445523854,0.9690076917320123,1.0129961707491375,0.9840393337882545,0.8963098870185131,0.9852019399658767,-1.0965694444444334,9.08736111111111,7.724175754008992,194.1454861111111,2.858347990696411,42.631193749999994,0.0,0.0,0.0
train/sample_0030.jpg,3.03,188.004375,186.6651388888889,171.6353472222222,3.548461368198538,2.7146119494809273,4.645847969064176,28.020694444444445,22.26152777777778,188.0390972222222,9.716851888797668,2.7224769970063822,3.528308024864273,75.56407952069718,-2.194375,7.780625,1.0810369754085791,0.9254482538133135,1.3502056009847374,0.9514247000298579,0.9453457658573203,0.868589678709372,0.9474723671407318,-2.0913750000000055,7.793625000000005,9.839016837213787,185.34229166666665,3.0859880955767904,44.593403626543214,0.0,0.0,0.0
train/sample_0031.jpg,3.03,192.45263888888888,189.47868055555554,172.62520833333335,1.8264206746282448,2.9847931127185703,4.218430538315923,26.235208333333333,26.598333333333333,192.70270833333333,5.740682967106305,3.3520594830307657,2.5976524441283564,76.68031045751634,-1.809375,8.722708333333333,0.9707949064475289,0.7828781645224953,1.1487848161511556,0.9744009826854292,0.9586915830844277,0.873809823103816,0.9609533697005439,-1.7537083333333328,8.770708333333335,9.116585397450429,188.54604166666667,2.574224186998979,33.5498764998071,0.0,0.0,0.0
train/sample_0032.jpg,3.03,195.33090277777777,196.90333333333334,171.94819444444445,0.9851765304266709,0.8836257377671073,3.5513431834499416,31.85763888888889,32.335,196.91076388888888,3.7619084965300513,4.516589482735223,0.8924191372184492,78.81435185185185,-4.834305555555556,12.520555555555555,0.32877040453151807,0.9516306566288217,1.8382871623764403,0.987695301197441,0.995330937300436,0.871288448459134,0.9859462452277699,-4.929638888888899,12.390888888888876,10.141710253164366,193.434375,0.9415554644885948,4.541711033950618,0.0,0.0,0.0
train/sample_0033.jpg,3.333,185.640625,184.13631944444444,171.24284722222222,3.489162132540243,3.5131044846655484,4.518401905786104,26.905347222222222,20.008194444444445,185.82194444444445,2.716257487895409,2.4832079534281153,3.4343188872228874,74.6715413943355,-1.675138888888889,6.5413194444444445,1.2703618395601337,0.8375849758806492,0.9749435500238076,0.9400921571473907,0.9336357938620583,0.8680779683451616,0.9368615737437848,-1.811472222222229,6.54898611111111,10.447882921446805,183.00125,3.5602939319590514,57.19127044270834,0.0,0.0,0.0
train/sample_0034.jpg,3.333,193.83215277777776,188.50326388888888,170.2345138888889,3.2138730665304918,1.9624928626413811,3.825545046471716,23.245833333333334,31.105416666666667,193.83229166666666,4.730543118336668,2.194183876056016,3.213599405207837,76.457325708061,-1.2541666666666667,9.968472222222223,0.8171668438941433,1.0654860002208695,1.182502243035484,0.9819440386993566,0.9549594409601552,0.8620240150877069,0.958653622891484,-1.3665000000000058,10.067805555555557,9.910563437174515,187.94104166666668,2.510020810767535,30.706183791473766,0.0,0.0,0.0
train/sample_0035.jpg,3.333,194.53979166666667,186.60715277777777,172.75493055555555,2.346528159013146,2.6236195214486004,2.0200067025904382,19.163055555555555,28.608472222222222,194.54006944444444,1.613724676097705,1.4691873790580439,2.3461978688127147,76.04351851851854,0.42104166666666665,8.061041666666666,0.879636743936101,0.7126936566743728,0.6298888997606377,0.9835706930606302,0.9439653088903239,0.874779377344775,0.9522758164221319,0.4263750000000065,7.920041666666675,9.769850529303193,187.50631944444444,2.40848363041048,32.72858205536265,0.0,0.0,0.0
train/sample_0036.jpg,3.636,179.04180555555556,175.60305555555556,157.93284722222222,4.553408621384838,4.35246629921486,4.978133179102804,25.273194444444446,30.16604166666667,179.041875,1.4824260581043875,2.3312191966240414,4.553324101495424,71.59237472766884,-1.8214583333333334,9.620972222222223,1.6157914872686197,0.5725169438904553,0.861332397642394,0.9062899326881111,0.8894401363289227,0.7993901495978853,0.8978034743988215,-1.998458333333326,9.762305555555558,14.182724591859587,174.68631944444445,4.444598039338156,86.74805121527775,0.0,0.0,0.0
train/sample_0037.jpg,3.636,188.80513888888888,185.16840277777777,168.37256944444445,4.228517764029372,3.9912632299941797,5.095982656101915,25.013472222222223,27.7475,188.9,3.7641896943146254,3.9738722194689577,4.199966931086495,75.12325708061002,-1.669513888888889,8.953611111111112,1.454598816022731,1.2403577160222723,1.1654461539060141,0.9563288652964836,0.9381885755430353,0.8525207778128459,0.942530540640126,-1.6778472222222147,9.054944444444441,10.643792208759937,184.34180555555557,3.9949762989106734,82.7439061728395,0.0,0.0,0.0
train/sample_0038.jpg,3.636,184.34305555555557,177.76118055555557,157.5534027777778,4.044331643344575,4.135866998407107,5.4042867068642915,22.794166666666666,37.16361111111111,184.3545138888889,1.9395358479684985,4.5719748059832535,4.03941695632265,72.53828976034858,-1.169861111111111,11.331180555555555,1.4987471796994856,0.8649229141238792,1.4118447332242399,0.933409341140027,0.9004806342001832,0.797119887232416,0.9102207762242502,-1.1301944444444492,11.283513888888898,14.002399790711719,177.41715277777777,4.132553381250045,88.03357406925154,0.0,0.0,0.0
train/sample_0039.jpg,3.939,181.31069444444444,175.41986111111112,155.89993055555556,3.3310820841100757,3.599088616524541,4.91026984952731,23.06451388888889,35.76229166666667,181.315,2.2137679448612073,4.619774257765105,3.337322196678644,71.66985294117647,-1.2642361111111111,10.853680555555556,1.2693735510092334,0.9738804682679315,1.5313552669158135,0.9183372699578987,0.887831711224744,0.7883807620624108,0.8981699525748034,-1.323902777777769,10.906680555555553,14.57737099605219,175.0571527777778,3.457640123936982,61.5689669704861,0.0,0.0,0.0
train/sample_0040.jpg,3.939,197.57222222222222,185.30138888888888,172.00840277777777,1.147003611132268,3.2142042844384773,2.6015217670506594,15.921805555555556,33.05375,197.73569444444445,4.42546257042052,2.7302624708481735,1.6031664209626901,75.9836328976035,2.035277777777778,8.357569444444444,0.8913216217420237,1.467473236763548,0.6291459671294467,1.000992463916928,0.9384661311760647,0.8712227052732286,0.9526549326436817,2.1182777777777764,8.322902777777763,10.433197738146823,187.50680555555556,2.1769201781855387,23.969214332561727,0.0,0.0,0.0
train/sample_0041.jpg,3.939,190.14916666666667,182.33388888888888,177.0520138888889,3.3661467214012224,2.9121233927020485,2.397597779219751,12.084027777777777,17.478055555555557,190.14916666666667,2.71367839724466,2.015307144284324,3.3661467214012224,74.70705337690633,1.9196527777777779,3.61,1.0720243007832224,0.7677545842643667,0.787302003328103,0.9615293853904877,0.9233046215165892,0.8954155744176312,0.9363534696690676,1.7809861111111123,3.6676666666666624,11.10137505375782,184.09180555555557,2.940198323993397,43.352374609375005,0.0,0.0,0.0
train/sample_0042.jpg,4.242,187.49013888888888,183.27388888888888,161.90104166666666,4.1070450965572505,4.447250884771241,6.082431350796461,25.108333333333334,34.82868055555556,187.50576388888888,1.9452756160047202,4.325765466385762,4.121332726710163,74.39441721132899,-2.232083333333333,11.372430555555555,1.5866419345418061,0.8002767533450189,1.4725651968814004,0.9492963304883887,0.9270256037596617,0.8199306262460518,0.932335702190237,-2.132083333333339,11.254763888888876,12.374979601855676,182.12270833333332,4.443614131967294,98.42947899305555,0.0,0.0,0.0
train/sample_0043.jpg,4.242,186.12590277777778,179.63319444444446,159.6784027777778,2.5065572098204707,3.473076336617169,5.043475455586597,22.91625,36.30638888888889,186.17465277777777,2.539288470714119,4.543999494313571,2.774959312313303,73.23687363834422,-1.1035416666666666,11.083055555555555,1.1998528181846917,0.6818387809914371,1.290850967050729,0.9429029675160562,0.9090518683456617,0.8102294663928891,0.9180921846818059,-0.9898750000000067,11.003722222222232,13.27321906078775,179.416875,3.234798845014684,51.89115260416667,0.0,0.0,0.0
train/sample_0044.jpg,4.242,189.42590277777776,185.02138888888888,164.0336111111111,3.800849121723135,4.397611506246956,5.244373520883808,24.764375,34.280902777777776,189.50347222222223,2.6491550588898725,3.726171965747932,3.7962502184984315,75.07570806100217,-2.125208333333333,11.120555555555555,1.523679644077602,1.0883617076125116,1.3889123331354656,0.9591573470205262,0.9377192686072113,0.8303453213779107,0.9418088545979791,-2.1215416666666727,11.071222222222232,11.66055092720045,183.95152777777778,4.171015783462711,97.71871510416669,0.0,0.0,0.0
train/sample_0045.jpg,4.545,188.05194444444444,181.35972222222222,161.26638888888888,3.4468498657344693,3.2033471956957906,5.371556598716029,22.42159722222222,36.37708333333333,188.05194444444444,3.022433291974382,3.789426421526632,3.4468498657344693,73.92189542483659,-1.2272222222222222,10.925694444444444,1.223357577942674,0.9073974111316357,1.401053498848564,0.9526038808448366,0.9182181846002563,0.8178582940012352,0.926864866813959,-1.1882222222222207,10.842694444444446,12.58711409025132,180.9063888888889,3.449595509925586,57.450083675733026,0.0,0.0,0.0
train/sample_0046.jpg,4.545,186.43444444444444,179.07229166666667,158.20569444444445,3.428719751715401,4.2908635524847325,5.637268922682007,22.460486111111113,38.675,186.44291666666666,1.7800498705014391,4.217465339382018,3.4962984146340434,73.10059912854031,-0.8768055555555555,11.600069444444445,1.5042842060542094,0.7743928201947224,1.3018629795027168,0.9433779803319317,0.9080499428683471,0.802758106082261,0.9173399113094164,-1.041138888888887,11.525736111111117,13.653505906221145,178.8617361111111,4.123574809329938,77.76131896219137,0.0,0.0,0.0
train/sample_0047.jpg,4.545,187.04479166666667,180.33333333333334,162.95458333333335,3.8701323313489278,3.968486977286014,5.213472780930197,21.862569444444443,32.85118055555556,187.04965277777777,2.5866514299722234,4.0692109521325435,3.8705754153749163,73.59583333333333,-0.6150694444444444,9.705416666666666,1.4357637539242831,1.0407439223190955,1.303051373486266,0.9471469599812303,0.9132944268782044,0.8252369208226985,0.9225860303154446,-0.6450694444444456,9.701083333333331,12.414265826530661,180.44166666666666,3.8924695816980313,87.1849559992284,0.0,0.0,0.0
train/sample_0048.jpg,4.848,192.10722222222222,180.56270833333335,159.62944444444443,3.067034046029933,2.5427098183800427,4.378250503241417,19.268541666666668,43.12201388888889,192.10722222222222,1.6367003852389679,3.044834213663815,3.067034046029933,73.97971132897604,0.6102777777777778,12.120555555555555,1.0023651842688226,0.7878803706115933,1.2815657620540335,0.9730906016905891,0.9144576355594571,0.8082503516174402,0.9273344426383874,0.594944444444447,12.119222222222234,13.377691276510035,181.57979166666667,2.814845557424559,40.69401608314043,0.0,0.0,0.0
train/sample_0049.jpg,4.848,178.44604166666667,188.74145833333333,159.55618055555556,3.409220283687858,1.5202898429567027,3.177727939312085,40.29694444444444,39.47326388888889,188.870625,3.2720010182731767,3.0839380780508976,1.994053214055917,75.10934095860566,-8.971041666666666,13.703402777777777,0.6406732510770214,1.5747337600148654,1.1557895709057535,0.9045899219671444,0.9560870251641673,0.8081958533411676,0.9419372928637196,-9.011041666666658,13.65706944444444,14.905360716995357,182.52506944444445,1.9319849811527239,22.255882638888885,0.0,0.0,0.0
train/sample_0050.jpg,4.848,179.713125,170.71277777777777,151.58972222222224,3.232408795815387,3.0190373843985996,3.915319616661578,20.33298611111111,39.94506944444444,179.713125,1.2556630496480041,2.5968403601856,3.232408795815387,70.15269607843136,-0.005069444444444444,11.033958333333333,1.142019049606919,0.5898816930911959,0.9586736488141079,0.9097249173191145,0.8640083093348989,0.7676400669564362,0.8790272716104991,0.013263888888886426,10.96062500000001,16.150258042189897,171.32145833333334,3.1324352588747417,47.70823881172839,0.0,0.0,0.0
train/sample_0051.jpg,5.152,178.2409722222222,171.7825,145.71402777777777,3.1336195169496364,3.0057674884201124,5.313324226185075,24.089444444444446,46.60534722222222,178.2409722222222,1.351305838489385,4.287677662855406,3.1336195169496364,70.18028322440087,-2.0701388888888888,14.244583333333333,1.1681287358718928,0.7250076494913607,1.5131960634329211,0.9022240238558032,0.870391513409347,0.7373756329051646,0.8797879621633343,-2.1864722222222186,14.28291666666666,17.466861360291762,170.68902777777777,3.2475574837621437,46.783164887152765,0.0,0.0,0.0
train/sample_0052.jpg,5.152,194.18041666666667,182.17069444444445,158.74298611111112,2.9232458830991446,4.755613883257288,6.673016723660565,20.164236111111112,46.65604166666667,194.23180555555555,2.8859643775859185,5.791009401404353,3.2646064193565967,74.60013616557734,0.2857638888888889,13.604444444444445,1.5853982914638376,0.8376173880095779,1.6022318538776614,0.9836784266312286,0.9214346130284995,0.8032833743496842,0.9347760182317216,0.20676388888888114,13.818444444444443,13.690082122756305,183.2109722222222,4.2808769414825845,72.98581245659723,0.0,0.0,0.0
train/sample_0053.jpg,5.152,184.9575,178.36756944444446,157.0457638888889,3.0218416707917832,2.3804973647350147,3.6906304188709953,23.044791666666665,38.513958333333335,184.9575,1.6787915084428735,2.093097027117869,3.0218416707917832,72.74256535947713,-1.3868055555555556,11.752222222222223,0.9512408924646955,0.8362238642135531,0.9615499961321452,0.9367513763280025,0.9032229727942943,0.7953496436600181,0.9122064936938356,-1.2844722222222216,11.672888888888899,14.007612799176712,177.9170138888889,2.6527741192164997,30.00112955246913,0.0,0.0,0.0
train/sample_0054.jpg,5.455,182.76340277777777,175.3413888888889,154.64270833333333,3.5883580397033303,4.1450416515656405,5.520207413417675,22.13513888888889,39.2575,182.76395833333333,1.476694406300369,4.176814226576754,3.592147051932759,71.79071350762527,-1.0194444444444444,11.643611111111111,1.487368551195165,0.6734321068000365,1.3235320018331793,0.9273219120006584,0.8881792598846209,0.7819136340346927,0.9004826385131406,-0.9591111111111119,11.727277777777784,14.818377354853782,175.22180555555556,4.053681052241588,84.50389409239968,0.0,0.0,0.0
train/sample_0055.jpg,5.455,175.88069444444446,168.03069444444444,142.47333333333333,3.883879012587176,3.1037660038470145,6.159498987562196,23.035069444444446,48.576319444444444,175.88069444444446,5.307026853423507,4.538111184202224,3.883879012587176,69.01574074074072,-1.560625,14.277152777777777,1.262176794851514,1.056694083996299,1.8323649575807934,0.8898683237090407,0.8508945983689664,0.7215410612605951,0.8650969793096968,-1.600624999999992,14.234486111111115,18.48662105740448,167.41458333333333,3.6680010592737475,68.62161920814043,0.0,0.0,0.0
train/sample_0056.jpg,5.455,181.69993055555557,181.93826388888888,163.86777777777777,2.592382001099136,2.070696953879753,3.4646453330675167,30.305347222222224,25.563333333333333,182.16076388888888,2.335926955310951,2.337440432990441,2.5250251868545326,73.6482843137255,-3.1555555555555554,9.183402777777777,0.8089595803909038,0.7654680646667705,1.043452910609267,0.920196888897142,0.9199658042010296,0.8285831145030277,0.9216788459084619,-3.233222222222214,9.192736111111108,12.1530908194214,179.88395833333334,2.2927890338667103,25.450435527584876,0.0,0.0,0.0
train/sample_0057.jpg,5.758,183.7095138888889,174.6665972222222,148.8947222222222,5.275545631320019,5.51966392183354,7.063444621630679,22.170277777777777,48.34777777777778,183.71881944444445,2.8645398952935466,6.446275458274749,5.309468088618873,71.53374183006537,-1.134861111111111,14.365277777777777,1.9840074756327537,1.3806223365806567,2.0517715734228736,0.9303144973112698,0.8848866562191456,0.7538756975186647,0.8969579117487492,-1.22719444444444,14.416277777777779,16.425498538897912,174.47868055555554,5.3344234233013745,153.8060333285108,0.0,0.0,0.0
train/sample_0058.jpg,5.758,175.54402777777779,162.58083333333335,140.95208333333332,4.118471992715962,4.638545554493643,6.123820393779935,18.892777777777777,50.331944444444446,175.54430555555555,1.5795228026053083,5.457953584471652,4.118974834156476,67.3510348583878,1.079375,13.039722222222222,1.687593405924215,0.9360924387150259,1.5981603766537866,0.8886145533125002,0.8234150599063715,0.7139851042130999,0.8440269648515547,0.9913750000000061,13.078055555555549,19.636844307855608,163.80534722222222,4.507858787901297,109.44028008777006,0.0,0.0,0.0
train/sample_0059.jpg,5.758,174.210625,162.22625,137.0170138888889,3.9217181464870134,4.379266788420752,5.8943878180698634,20.268541666666668,54.52652777777778,174.210625,1.8316763226730686,5.5972579248240395,3.9217181464870134,67.12807734204793,0.16090277777777778,14.774930555555555,1.5546762263919158,1.1270718041273815,1.8065380860332227,0.8824305968284413,0.8212130083660404,0.693644644355795,0.8412590987773646,0.10856944444444089,14.759930555555568,20.484735479687355,162.883125,4.226916884146897,96.8930826388889,0.0,0.0,0.0
train/sample_0060.jpg,6.061,175.96027777777778,166.86881944444445,144.66222222222223,4.921334499520651,4.878604080365216,6.462418325772011,21.57409722222222,45.33486111111111,175.975,2.334329225921813,5.172653116002504,4.913763267033002,68.77453703703704,-0.5275694444444444,12.730277777777777,1.775539398254543,1.1422156505667795,1.445788877531938,0.8914677299143683,0.8445048986612819,0.7331091144254067,0.8618603042876901,-0.5859027777777815,12.747944444444448,18.03305006439625,166.90159722222222,4.950614182322685,123.62703506462191,0.0,0.0,0.0
train/sample_0061.jpg,6.061,181.76916666666668,174.23479166666667,149.02895833333332,2.7490239429456476,4.136416603499709,5.971511791967353,23.513472222222223,46.08743055555556,181.87305555555557,3.242506172238673,5.348409193204305,3.335123951923252,71.26353485838781,-1.4790277777777778,13.942291666666666,1.4042716819696301,0.8444124514224574,1.639212301834668,0.9202430434261665,0.8816970121736255,0.7545146055431702,0.8929974965464901,-1.3806944444444487,13.90262499999999,16.398977617363528,173.6873611111111,3.7571829329726527,70.75158815104167,0.0,0.0,0.0
train/sample_0062.jpg,6.061,179.37270833333332,169.350625,149.00840277777777,4.792243982431857,5.847855105215746,7.099540200604205,20.153333333333332,43.234375,179.37430555555557,1.9886036418664375,4.791340455381459,4.802635944744117,69.74675925925925,0.13291666666666666,11.846736111111111,2.0523839575983045,1.0464091210473614,1.4417568998067714,0.9082606996798155,0.8576944471643263,0.7546346783755056,0.8746786254870137,0.12891666666667598,11.867069444444452,16.854924561597148,169.956875,5.557891157918072,152.04235203993053,0.0,0.0,0.0
train/sample_0063.jpg,6.364,181.91618055555554,173.25458333333333,151.1975,3.367448650216117,3.9559615481996944,5.123138618615975,21.597569444444446,43.002291666666665,181.91645833333334,1.5682375752415756,4.286582136729545,3.3694347054624525,71.0011982570806,-0.5432638888888889,12.53138888888889,1.4028002482224153,0.7997849796639017,1.3073460240285315,0.9210013191350523,0.8775331292704217,0.7658193440115347,0.8904277828233315,-0.48126388888889127,12.57038888888889,15.962780112833018,173.2236111111111,3.768749168253292,75.44744374999999,0.0,0.0,0.0
train/sample_0064.jpg,6.364,180.0052777777778,167.90701388888888,144.1990277777778,4.6572941512997446,4.731561373118637,6.440041765677605,20.003958333333333,50.73972222222222,180.0063888888889,1.696621937340203,5.611956970073189,4.655055586718198,69.27396514161221,0.39944444444444444,13.992638888888889,1.7252734694497027,0.974622275677564,1.4864017823212048,0.9115683636533464,0.8501391382961248,0.729859279842577,0.8682498281071914,0.4111111111111147,14.046305555555561,18.27383539914815,168.93597222222223,4.74591173763805,115.03676358024691,0.0,0.0,0.0
train/sample_0065.jpg,6.364,174.760625,168.3329861111111,152.43284722222222,2.574580256714632,3.1120546490536762,3.9474241184733327,21.405208333333334,32.69277777777778,174.76083333333332,1.4790342517023378,3.330507644915436,2.5756109038005977,69.14313725490196,-0.40618055555555554,8.983888888888888,1.1359918987773392,0.6061748195398221,0.979450746812773,0.8848355495773131,0.8534683985069059,0.7718561768382771,0.8678513768933925,-0.39151388888888516,9.03488888888889,16.427164308467233,168.36833333333334,3.0054159445906987,49.26692626832562,0.0,0.0,0.0
train/sample_0066.jpg,6.667,170.05388888888888,161.48763888888888,138.59041666666667,3.651390357549545,5.85563474902921,7.606522591664426,22.301944444444445,47.574930555555554,170.19319444444446,4.694952561258878,5.904383670032992,4.715418953457938,66.62105119825708,-0.6892361111111112,13.193958333333333,1.989587371980782,0.9711938385457978,1.623637770370904,0.861109376309892,0.818142221846942,0.7024005412811334,0.835760680326771,-0.716236111111098,13.13329166666667,20.16543612714353,161.3503472222222,5.333108707925223,109.10024066358025,0.0,0.0,0.0
train/sample_0067.jpg,6.667,175.85465277777777,164.6211111111111,138.744375,3.974246856182715,4.775260189408108,6.456005195289215,21.070555555555554,53.87173611111111,175.855,1.0426433939336766,5.312106825955524,3.976643964729535,67.94278322440088,-0.15270833333333333,14.849375,1.6912491167621095,0.6693277294233372,1.4707871658240623,0.8907716411568215,0.8334345882188815,0.7023810628700833,0.8518570645784441,-0.08570833333334027,14.73104166666666,19.78310689760688,165.10784722222223,4.60278835526093,99.98943192515432,0.0,0.0,0.0
train/sample_0068.jpg,6.667,177.46375,171.83138888888888,143.69222222222223,5.291995248984642,5.384652909879809,7.425088518407694,25.10375,48.62555555555556,177.49979166666665,2.296328553667657,6.050763241316852,5.275427835302838,70.15490196078431,-2.6597916666666666,15.278402777777778,1.9711253454600652,1.2321029723099446,1.9715490818679882,0.8984581334242382,0.8700925577409857,0.7272879626848968,0.8796802444225534,-2.7394583333333347,15.232402777777786,18.06814391407037,170.3478472222222,5.354778715107662,133.6793101658951,0.0,0.0,0.0
train/sample_0069.jpg,6.97,168.27708333333334,156.62215277777779,130.96722222222223,5.1913552441374495,5.161335510741145,7.3031316004063545,20.568680555555556,56.636944444444445,168.27708333333334,1.2028922013029428,5.22302558093872,5.1913552441374495,65.01503267973857,-0.11708333333333333,15.004097222222223,1.936375414485594,0.7643351095705484,1.4882586362341785,0.8514394980730797,0.7930931631693133,0.6631900956830655,0.8148541957131131,-0.19608333333334105,14.975097222222226,22.428246815058973,157.13604166666667,5.367575585395193,122.87002198591821,0.0,0.0,0.0
train/sample_0070.jpg,6.97,183.23625,171.3709027777778,143.60381944444444,3.1615339708143564,3.962760754335602,5.489350737833854,20.96291666666667,55.26222222222222,183.23625,0.9662426332909279,4.822357140969742,3.1615339708143564,70.46252723311547,-0.27243055555555556,15.879513888888889,1.4010971163763373,0.6546974985609106,1.3312472377963578,0.9278896711673467,0.867589487818159,0.7270036506717742,0.8831800303001506,-0.22476388888888393,15.799513888888876,18.239693887009558,171.69618055555554,3.804947345329896,66.75732204861112,0.0,0.0,0.0
train/sample_0071.jpg,6.97,180.74291666666667,169.18069444444444,145.18,4.035848712029313,4.773275088794487,6.570649384447556,20.211041666666667,50.194097222222226,180.74291666666667,1.8516067417357462,5.678960306008282,4.035848712029313,69.73605664488016,0.18597222222222223,13.991527777777778,1.6920240228998478,1.1626707278720907,1.8519690420095387,0.9148374823900592,0.8563639579688113,0.7349571215951239,0.8739698880481074,0.19563888888888295,13.950194444444437,17.849762269654562,169.87840277777778,4.607618112550496,117.93502487943672,0.0,0.0,0.0
train/sample_0072.jpg,7.273,174.10631944444444,165.03208333333333,138.62506944444445,3.5942684401943055,3.7120035910167326,5.390583030790637,22.410208333333333,52.01444444444444,174.10888888888888,1.610380807599962,5.386873162526036,3.593756760594765,67.93619281045753,-1.1906944444444445,14.891388888888889,1.3427443025798784,1.0299795391561168,1.3761392306372076,0.88160901448928,0.8362801551293702,0.7008534243143282,0.8522898719708488,-1.4253611111111137,15.231055555555562,19.740011789139565,164.7422222222222,3.728634774813782,74.58294722222223,0.0,0.0,0.0
train/sample_0073.jpg,7.273,166.34506944444445,160.61618055555556,141.14465277777776,3.005184755026563,3.9979823898591222,4.790106182596013,23.355,38.63409722222222,166.38930555555555,1.941384815022305,3.7647585346049657,3.296542307390285,66.10157952069716,-1.2420833333333334,10.924930555555555,1.4205722087836063,0.6086242169845035,0.9182505229811998,0.8423644097169474,0.8135210901007373,0.7144888512793341,0.8291337780066,-1.120749999999994,10.847263888888897,19.819927759058558,160.26743055555556,3.730329194314524,65.21208099922839,0.0,0.0,0.0
train/sample_0074.jpg,7.273,173.8804861111111,165.635,140.88680555555555,3.8774214351703677,3.15072258026271,6.126691903826237,22.61888888888889,48.45722222222222,173.8804861111111,6.022760431054582,4.632326396046146,3.8774214351703677,68.09885620915034,-1.2289583333333334,13.896180555555556,1.27918923723607,1.0571885007138826,1.788927944222996,0.8809517074400952,0.8387587373339251,0.7139413467114857,0.8536795696175983,-1.1789583333333362,13.817180555555549,19.1150515345305,165.30131944444443,3.646817247524769,64.49898085937501,0.0,0.0,0.0
train/sample_0075.jpg,7.576,176.524375,164.9272222222222,138.71722222222223,4.875772334653698,5.835914481853721,7.354101883042667,20.75777777777778,54.723055555555554,176.5247222222222,1.2186949101192015,5.025321614607911,4.878219726561758,68.11677559912854,0.024027777777777776,15.038125,2.0815549987632647,0.7443157926770029,1.4841306231586295,0.893637445916666,0.8352028187732912,0.7025779377510956,0.8539070036236753,0.04236111111110864,14.937458333333346,19.74598460778855,165.4020138888889,5.652922926320348,156.72624066358026,0.0,0.0,0.0
train/sample_0076.jpg,7.576,171.8659027777778,161.54659722222223,133.74618055555555,4.156170598772833,5.025550918279103,6.213075872765148,22.129375,56.647708333333334,171.87,1.3149243317635684,4.923934066649237,4.1857449887814555,66.71928104575163,-0.730625,15.94923611111111,1.7813329204240025,0.8297462118272471,1.2136918997772361,0.87080527608557,0.8180430554195827,0.6770393034296992,0.8366294031832412,-0.7176249999999947,16.051236111111116,21.346703956154453,161.4532638888889,4.832043984614745,113.20828933256172,0.0,0.0,0.0
train/sample_0077.jpg,7.576,168.18395833333332,159.599375,134.61875,4.769897611110994,3.5411646151506377,6.9741334462707005,23.806597222222223,51.075625,168.18395833333332,14.755122399770856,4.378868483148027,4.769897611110994,65.85724400871459,-1.130763888888889,14.202291666666667,1.4825330664446905,1.2541811072596727,1.9535531086366422,0.8507086120965239,0.807957646181339,0.6819407952503816,0.8248909413509244,-1.2014305555555425,14.167958333333331,21.257536317201858,159.27180555555555,4.269092352918465,83.8010296103395,0.0,0.0,0.0
train/sample_0078.jpg,7.879,161.043125,154.98284722222223,128.77368055555556,4.4620328838544285,4.746202892136822,6.473264594396373,24.372777777777777,51.19506944444444,161.04833333333335,1.411779041397233,5.162868563185902,4.4660786304470195,63.8897331154684,-2.1685416666666666,14.562569444444444,1.7608105759894113,0.7809337971211843,1.3674191254410308,0.8147275693724231,0.7839479294177686,0.6523037777976646,0.8002352101022868,-2.157875000000001,14.381569444444432,23.175731026428846,153.935625,4.7444362472078225,104.42349506172839,0.0,0.0,0.0
train/sample_0079.jpg,7.879,172.4676388888889,156.15479166666665,129.18138888888888,4.370012392893352,4.678526368887594,6.733128153960742,18.83791666666667,64.05430555555556,172.468125,1.5923361920810428,6.952525186016605,4.368617323331473,65.21013071895425,1.6947916666666667,16.393819444444443,1.6804425866244048,1.2262071539405566,1.7054172251517032,0.8731124014786915,0.7915709865904267,0.6540057152178926,0.8180378864652308,1.6284583333333198,16.463819444444436,23.132434656852446,157.98638888888888,4.513954691828058,101.87203761091821,0.0,0.0,0.0
train/sample_0080.jpg,7.879,168.2679861111111,156.29340277777777,130.7642361111111,4.042953760670239,5.073948805088582,5.971393504760395,20.524444444444445,56.914097222222225,168.2679861111111,1.1064016862595294,4.776001482120989,4.042953760670239,64.90846949891068,0.24756944444444445,15.008055555555556,1.7902056033265379,0.816003767120745,1.1619268466274375,0.852163831488512,0.7920233653095227,0.6619756168626081,0.8144793705052984,0.14990277777777566,15.025055555555552,22.558420651430573,156.92520833333333,4.815804777089876,113.20998745659723,0.0,0.0,0.0
train/sample_0081.jpg,8.182,167.46784722222222,159.68368055555555,128.51159722222224,4.20972017795246,3.4769695151187086,7.182192790660241,24.21736111111111,59.470555555555556,167.46784722222222,7.505191072601592,5.689094804216323,4.20972017795246,65.73496732026143,-2.3422222222222224,17.349652777777777,1.4220155183675725,1.1116032243543834,2.1187407532392273,0.8471220843148065,0.8094936247199884,0.6506037862679582,0.8243446601543866,-2.5778888888888964,17.481986111111112,22.88607707608388,158.4086111111111,4.058647594114309,80.63634440104167,0.0,0.0,0.0
train/sample_0082.jpg,8.182,168.7576388888889,158.78506944444445,135.37215277777779,5.279508077109672,6.1158820451042475,7.741512526559943,21.065625,50.55354166666667,168.75826388888888,1.495293179516514,5.607105607167609,5.284131883639139,65.75994008714596,-0.35597222222222225,13.41125,2.205647223643547,0.8785754880016197,1.6200260950401728,0.8541893737184225,0.8040822461278944,0.6854610147540025,0.82450104592967,-0.29963888888889467,13.29758333333334,21.06257010307189,158.96694444444444,5.986502558740159,165.15606093750003,0.0,0.0,0.0
train/sample_0083.jpg,8.182,168.2236111111111,159.57631944444444,132.63777777777779,4.977532662304878,5.493191018398901,7.378801510299347,22.632291666666667,54.03923611111111,168.22430555555556,1.1149235267433657,5.148184898564549,4.982883849959472,65.8253540305011,-1.2883333333333333,15.182569444444445,2.002654237154039,0.6852027275031659,1.4767885796776594,0.8509378786754704,0.8080631934598159,0.6717957116141859,0.8252535809708297,-1.3899999999999928,15.090902777777776,21.722298174709746,159.13805555555555,5.513339540224461,150.46246585165895,0.0,0.0,0.0
train/sample_0084.jpg,8.485,172.11444444444444,156.67875,130.70680555555555,3.8550057244837963,3.8002549028173243,4.896938762121823,18.87673611111111,61.36013888888889,172.11444444444444,0.8572487726095371,3.994339047346035,3.8550057244837963,65.34019607843138,1.47125,15.723958333333334,1.4209381443124054,0.6488289397488027,1.0643116703283968,0.8723268262053392,0.7934266297329735,0.6621519352145957,0.8193873436147613,1.5769166666666643,15.681291666666672,22.66187876439406,158.33909722222222,3.8227316100885322,74.97907788869598,0.0,0.0,0.0
train/sample_0085.jpg,8.485,174.70284722222223,162.34680555555556,136.62930555555556,5.030542018951505,5.784930453435168,7.569278335333185,20.330277777777777,55.691805555555554,174.70284722222223,1.25971775081897,5.957594552425009,5.030542018951505,67.17129629629629,0.2927777777777778,15.015555555555556,2.0722342897656385,0.8100775378221214,1.5405742876610882,0.8844236012323118,0.8224144501031169,0.6915278452623576,0.8424410814154668,0.2724444444444516,14.97255555555555,20.577435670635683,163.00576388888888,5.67410370796093,144.79270738811726,0.0,0.0,0.0
train/sample_0086.jpg,8.485,177.89131944444443,160.49965277777778,132.20708333333334,2.8115944830015085,5.482193386216565,7.910174871205945,19.06875,65.72215277777778,177.98715277777777,4.256204111352702,7.729099654982196,3.4459781636624687,66.90343137254901,1.8916666666666666,17.039791666666666,1.81274187984505,1.1412407964823004,1.9336960754350145,0.9004617404602134,0.8127470036043396,0.6695803782605687,0.8390169553763607,1.9686666666666648,16.988458333333334,22.08138240485011,162.39027777777778,4.827098269210737,90.61083120659723,0.0,0.0,0.0
train/sample_0087.jpg,8.788,173.62354166666665,147.1276388888889,122.30006944444445,3.0820968170926153,4.962060222063344,7.092192498770998,14.551944444444445,75.48854166666666,173.62472222222223,1.221882244382005,7.972557573461252,3.09185757372043,62.79703159041394,6.155,16.77861111111111,1.6762267622335312,1.0908088232540518,1.8843325561319488,0.8794286261803901,0.7446145225133428,0.6194593676644308,0.7873984262869735,6.244333333333329,16.7046111111111,26.423692226936545,152.21,4.44682283583834,76.41219427083333,0.0,0.0,0.0
train/sample_0088.jpg,8.788,170.29055555555556,153.9440972222222,125.18020833333334,2.6427878214371616,3.696958192817253,5.493198821262948,19.194305555555555,67.65041666666667,170.29055555555556,1.0364312787275065,6.043202089377512,2.6427878214371616,64.35735294117646,1.4375694444444445,17.33791666666667,1.2864273445089085,0.8223389292876226,1.5151021578134958,0.8622699543551633,0.7788144427543392,0.6331751690673015,0.80595371199484,1.4842361111111113,17.29691666666667,24.293207876979636,155.45659722222223,3.4581111702124097,60.542256462191354,0.0,0.0,0.0
train/sample_0089.jpg,8.788,175.40506944444445,169.90256944444445,137.05388888888888,4.369768538322558,3.0792800490013046,5.599269435370413,25.640069444444446,55.851875,175.40506944444445,1.7697983236200279,3.4858747644263444,4.369768538322558,69.35187908496731,-3.586736111111111,17.71847222222222,1.2765661071147398,1.1390074442866613,1.5361542527094354,0.8879755659091586,0.8600716603052362,0.6939086065965717,0.8689544461405414,-3.68773611111111,17.69580555555554,20.227233012086103,167.924375,3.657950287226365,60.362995944251544,0.0,0.0,0.0
train/sample_0090.jpg,9.091,183.70520833333333,153.36125,142.4140277777778,2.2259144402886877,4.399295851957902,4.236904386106686,8.179444444444444,57.338125,183.7054861111111,1.8654444576805425,5.024956255855785,2.227417017365937,65.79460784313724,9.501666666666667,9.869652777777778,1.3508203733045658,1.6042902549795102,0.8573351098303624,0.9308803757197608,0.7757885888782284,0.7203760750340313,0.8241428290734039,9.613000000000001,9.886652777777774,22.909581885885988,161.28305555555556,3.4345089568512344,54.49069905478394,0.0,0.0,0.0
train/sample_0091.jpg,9.091,171.07979166666667,160.93055555555554,131.39416666666668,4.070842454569956,4.371280605932452,6.606870950003884,22.389375,59.297222222222224,171.08854166666666,1.7180773810141965,6.854185100729819,4.072060198738965,66.47058823529413,-1.2606944444444443,16.673125,1.5826915809586666,0.8928478568741101,1.7203116516548518,0.8659914774213252,0.8142390859496921,0.6646912218754164,0.8332295551520953,-1.079694444444447,16.464124999999996,21.912268716774186,160.6442361111111,4.285767965646607,79.90382173996913,0.0,0.0,0.0
train/sample_0092.jpg,9.091,164.89020833333333,150.26416666666665,124.18645833333333,4.285840862776198,4.813559479336884,6.575197289894808,19.335625,63.11833333333333,164.89020833333333,1.34207872489647,6.292524003397359,4.285840862776198,62.82047930283225,1.18875,15.68576388888889,1.7562005421952662,1.0121133521004453,1.4936225909685295,0.8349322241876355,0.7610020477170402,0.6286744171134184,0.7873943071980881,1.0624166666666792,15.70309722222223,24.825084386718093,151.6263888888889,4.728826876355615,122.61954127604167,0.0,0.0,0.0
train/sample_0093.jpg,9.394,172.01229166666667,159.53680555555556,130.23020833333334,2.743386294231235,3.916706498517323,7.094745020157352,21.137083333333333,62.03993055555556,172.01590277777777,3.0545434908514326,7.8163025853841,2.7725759966532317,66.10185185185185,-0.3061111111111111,16.951597222222222,1.3838958265302281,0.6784716393719776,2.1184255038938327,0.8708601238693128,0.8081632107437552,0.6595170150019667,0.8290624284425322,-0.3977777777777797,17.035263888888895,22.424315801368092,159.9388888888889,3.818233141256261,69.82688155381945,0.0,0.0,0.0
train/sample_0094.jpg,9.394,162.30041666666668,150.59715277777778,123.39055555555555,4.033061264067678,4.761550891602974,6.230845735550911,20.977916666666665,61.26423611111111,162.30041666666668,1.3015209452149767,5.8336046460547,4.033061264067678,62.72282135076253,-0.25729166666666664,15.877222222222223,1.7167955737076597,0.9047611093159098,1.462848460122904,0.8219781954341415,0.7615532378142997,0.6247528166942049,0.7854997361638829,-0.23695833333332622,15.678888888888899,24.852035815536645,151.00701388888888,4.5956976528568285,101.92504843749998,0.0,0.0,0.0
train/sample_0095.jpg,9.394,174.59166666666667,160.16479166666667,129.70895833333333,4.14471718643807,4.5241631314454,6.764425143797436,20.346319444444443,65.58451388888889,174.59215277777778,1.2165497926329638,6.78128115250015,4.144103183908685,66.44458061002177,0.15520833333333334,17.72375,1.6345968303913785,0.8122375377365499,1.731671428851328,0.8839681567253476,0.8110704820904089,0.6555681113664391,0.8335099530143819,0.32154166666666034,17.775750000000006,22.601821292996487,161.01958333333334,4.482980759835531,102.83531473765434,0.0,0.0,0.0
train/sample_0096.jpg,9.697,166.18034722222222,154.75326388888888,130.366875,3.4897333377102324,4.052899738640842,4.952726517443873,20.503680555555555,54.971944444444446,166.18034722222222,1.0180934295477715,4.179219969380681,3.4897333377102324,64.24907407407407,0.025069444444444443,14.262569444444445,1.4759040441996514,0.6920154708127093,1.0281531760933302,0.8411937415388389,0.7834748789865528,0.6596412289445588,0.8053162025977374,0.07073611111110653,14.190569444444442,22.8144039096191,155.48534722222223,3.881141264927833,76.04873321277007,0.0,0.0,0.0
train/sample_0097.jpg,9.697,164.56979166666667,156.30055555555555,131.81479166666668,4.441845363626981,4.646692338788515,6.382251047147705,22.581736111111113,50.76645833333333,164.57784722222223,1.7968297042064965,5.817141810673442,4.434764283976647,64.62971132897604,-1.2195138888888888,13.953888888888889,1.7210458509106106,0.9053512438866469,1.4877131551810534,0.8334448201467997,0.7918242063069894,0.667566517040956,0.8105042059281895,-1.1711805555555568,13.932222222222213,22.26499371985207,155.96770833333332,4.641359837068527,109.99853259548613,0.0,0.0,0.0
train/sample_0098.jpg,9.697,163.12881944444445,147.66729166666667,118.7,5.535190701889819,5.938439951183919,7.998124780221607,19.47548611111111,69.56354166666667,163.12881944444445,0.9117042419595274,6.005390283452974,5.535190701889819,61.81252723311547,0.9467361111111111,17.63388888888889,2.2192643366157747,0.506769904313792,1.5581297153563765,0.8258530169332116,0.7482495173557684,0.6013455550076667,0.7752788571366113,0.7710694444444394,17.52755555555555,26.569856896120616,148.69645833333334,6.04825628782907,167.27314328221448,0.0,0.0,0.0
train/sample_0099.jpg,10.0,159.74430555555554,146.0270138888889,124.7575,5.772182652454949,6.966639212451472,8.568065668840086,18.232083333333332,56.09388888888889,159.74430555555554,1.542958411533625,6.228780992643972,5.772182652454949,61.28129084967319,1.5147916666666668,13.083194444444445,2.50344330000661,0.8899457448740594,1.5924808793452583,0.8087855155428492,0.7394821234852986,0.631701669077425,0.7682216346602909,1.5614583333333336,13.000861111111107,25.303536445417343,147.67305555555555,6.736028470283445,208.45730724826387,0.0,0.0,0.0
train/sample_0100.jpg,10.0,168.04868055555556,153.78881944444444,131.75430555555556,4.601078337756378,5.40048094521431,6.541898791293289,18.280208333333334,55.13375,168.04868055555556,1.0232152271353665,5.259491403775811,4.601078337756378,64.20833333333333,1.6611111111111112,13.57611111111111,1.9484468542820774,0.7943473134095612,1.3121383687574386,0.8501705610287231,0.7800177492017227,0.6669674460776621,0.80607476635514,1.6341111111111244,13.598444444444446,22.786987934692085,155.5688888888889,5.204789876096919,126.30359930073303,0.0,0.0,0.0
train/sample_0101.jpg,10.0,156.4165972222222,139.04819444444445,112.92013888888889,4.953617037523055,5.687404169251082,7.318973439146534,18.110277777777778,71.02965277777778,156.4165972222222,1.5600231232457904,7.284860338895726,4.953617037523055,58.835457516339865,2.3938194444444445,16.42972222222222,2.0548843878138157,1.3756223321584398,1.7397094043915482,0.7921378559627988,0.7038906147261824,0.5714302381743583,0.7377009212836017,2.4124861111111056,16.391388888888894,28.888189330015035,141.26652777777778,5.454846636942392,148.89173899980707,0.0,0.0,0.0
train/sample_0102.jpg,10.303,164.41361111111112,149.29229166666667,124.20458333333333,4.364602981039113,5.001032840372795,6.7379485910235655,18.82548611111111,62.465,164.41361111111112,1.291759313806875,6.609559365040829,4.364602981039113,62.50972222222222,1.564375,15.33625,1.8188304750026156,0.9444400301163176,1.815096368347667,0.8326116949864001,0.7563967293736563,0.6286081213307241,0.7838113326613069,1.4050416666666639,15.519916666666667,25.00710754415092,151.03569444444443,4.8465455413535095,118.56240933159722,0.0,0.0,0.0
train/sample_0103.jpg,10.303,160.16555555555556,147.7565277777778,117.10791666666667,4.722723698863109,5.319071989789357,7.390385540517984,21.391111111111112,68.71444444444444,160.16555555555556,1.0845269777337114,6.837812533764924,4.722723698863109,61.56089324618737,-0.3390972222222222,17.80625,1.9542057367661503,0.8206191879665932,1.711388274585545,0.8108444090441701,0.7478086897744667,0.5934793478756633,0.7720379499134149,-0.31076388888888623,17.75925,26.76098582855936,147.87319444444444,5.276865474878921,136.6342684992284,0.0,0.0,0.0
train/sample_0104.jpg,10.303,173.7082638888889,156.53868055555554,132.0986111111111,4.467641502742688,5.949033855561515,7.416891252321279,17.537569444444443,61.27909722222222,173.7082638888889,1.6981132285110208,6.291856003022322,4.467641502742688,65.48711873638344,2.3374305555555557,15.122569444444444,2.089194276064217,1.209609238170062,1.8007456968217121,0.8792416908217451,0.7928043002874436,0.6692128996378365,0.8213402054813234,2.299097222222229,14.998902777777765,22.406076211373236,158.8842361111111,5.542174297534456,157.43193402295526,0.0,0.0,0.0
train/sample_0105.jpg,10.606,161.65166666666667,155.92138888888888,125.8542361111111,5.099800922040307,3.7206538051331277,6.678130984359308,25.091180555555557,56.507152777777776,161.6520138888889,2.6520338098349434,4.572603070218799,5.099477380610538,64.17538126361657,-3.0255555555555556,16.651041666666668,1.5527721599643927,1.2572179260495164,1.7921411072412488,0.8175318698435925,0.7896753045778115,0.6376800548792296,0.8039709859176458,-3.3405555555555533,16.736375000000006,23.884373168070905,154.10680555555555,4.40693686967518,91.61651558159721,0.0,0.0,0.0
train/sample_0106.jpg,10.606,163.96847222222223,150.67208333333335,126.11722222222222,4.534173377965163,5.552024014692193,7.154476691442363,19.521319444444444,58.92722222222222,163.96847222222223,1.0009528422456961,5.534122238496501,4.534173377965163,62.95245098039216,0.9681944444444445,14.731388888888889,2.007089663811342,0.622463355433896,1.3477092762201635,0.8306982021157606,0.7621145727253722,0.6380373236558723,0.7886504619697828,1.0731944444444483,14.78805555555556,24.28177352951863,151.79625,5.407519183070716,142.95659135802467,0.0,0.0,0.0
train/sample_0107.jpg,10.606,163.2145138888889,145.17354166666667,113.87055555555555,3.7510958269003,4.976397900862251,8.099394334160628,18.98548611111111,77.20597222222223,163.21472222222224,1.9852575853935777,8.467007401234765,3.7529440192638064,61.170942265795205,1.8984027777777779,19.02520833333333,1.7915595960123691,0.8307611663696369,2.19721808605981,0.8263509986155576,0.735115460830582,0.5763146588567675,0.7668558989057113,1.83873611111112,19.197875000000003,27.92361018047727,147.1001388888889,4.827694985145475,113.50574072145061,0.0,0.0,0.0
train/sample_0108.jpg,10.909,150.60645833333334,141.1070138888889,117.29909722222222,6.479094583602618,7.35966905391422,9.133397157106424,21.316319444444446,56.518680555555555,150.60729166666667,1.9060605995263384,6.756144194004095,6.485861944640285,58.93444989106754,-0.428125,14.077916666666667,2.708830928103714,1.126314336397704,1.85038617403383,0.762945496822041,0.7148568021444076,0.593984642478359,0.7390184335851102,-0.4307916666666699,14.081583333333327,27.645836295974817,141.25166666666667,7.2187446969677485,238.37205863715275,0.0,0.0,0.0
train/sample_0109.jpg,10.909,158.43465277777779,147.7536111111111,122.015625,6.296992824311442,6.53281148118912,8.465868910804758,21.281041666666667,58.738055555555555,158.44152777777776,1.796053242046007,6.54984067636697,6.288253855784213,61.52102396514161,-0.33479166666666665,15.071875,2.4253690469068183,1.0384607123245764,1.4664916887810477,0.8025299124085209,0.7498673419959996,0.6183516703492732,0.7727261781425663,-0.4124583333333252,15.110541666666672,25.602302639694003,147.93944444444443,6.588822582578116,183.881799763696,0.0,0.0,0.0
train/sample_0110.jpg,10.909,158.515,147.64090277777777,119.255,4.895893687571487,5.7855189689908855,7.65558819135221,21.81854166666667,63.39173611111111,158.51506944444444,1.052076299481539,5.835494936385466,4.8965317227449505,61.46097494553377,-0.7584027777777778,16.470625,2.11260253727766,0.7171743968853318,1.5628849386942159,0.8021053483810137,0.7471604774789363,0.6037983271563683,0.7702065808836579,-0.7657361111110987,16.54629166666666,26.214547527425374,147.5557638888889,5.70548725641732,145.3733702932099,0.0,0.0,0.0
train/sample_0111.jpg,11.212,161.14104166666667,145.470625,117.03194444444445,4.502087049782971,5.4350813546435015,7.286866541725383,19.33361111111111,69.88659722222222,161.14104166666667,1.1575036663675806,6.834500983896476,4.502087049782971,61.08641067538126,1.3376388888888888,17.34784722222222,1.945763649445231,0.8955290073091429,1.7909229709203192,0.8158558144244644,0.7368399392174244,0.5923978364539623,0.7656958060042809,1.2083055555555537,17.610847222222226,27.119530209103623,146.96944444444443,5.232381518775623,136.98335177469136,0.0,0.0,0.0
train/sample_0112.jpg,11.212,161.545625,150.57770833333333,122.6451388888889,3.76906288433044,4.675921213269708,6.726722516504533,21.64840277777778,61.524791666666665,161.545625,0.9898394673398416,6.217175746442073,3.76906288433044,62.58287037037038,-0.7215972222222222,16.17388888888889,1.7052145567995876,0.6071840321361991,1.5676101375054565,0.8158869949494949,0.7604934764309764,0.6194198933782268,0.7822858796296297,-0.7215972222222222,16.17388888888889,25.08022741912606,150.66993055555557,4.567732387284104,96.28978680073303,0.0,0.0,0.0
train/sample_0113.jpg,11.212,162.06125,146.41666666666666,123.23986111111111,3.66748075716381,6.069722215865407,6.120295924457458,18.076458333333335,61.22736111111111,162.13236111111112,2.4937814238482585,4.963251200645682,4.146582593284803,61.56288126361657,2.0255555555555556,14.470972222222223,2.0425906070402977,1.3193168359345102,0.9793658091424694,0.820333459317727,0.7417332833497131,0.624622337780526,0.7721211075425185,2.0708888888888874,14.358972222222228,25.59693237535124,148.26111111111112,5.302438002035677,135.27722500000002,0.0,0.0,0.0
train/sample_0114.jpg,11.515,161.78048611111112,145.48340277777777,114.47729166666667,6.177170764402452,6.877954078793439,8.989564066705311,19.61402777777778,74.78381944444445,161.78090277777778,1.4596129240716125,7.467671202565392,6.176274881124742,61.100762527233115,1.0205555555555557,18.79951388888889,2.5059485501780503,1.1132383802932886,1.818809832868855,0.8192855089050793,0.7368884872449438,0.5792750035842898,0.7663465773892476,1.055222222222222,18.722847222222235,27.761914401091648,146.81409722222222,6.772090079591631,182.4679843315972,0.0,0.0,0.0
train/sample_0115.jpg,11.515,157.62652777777777,141.9932638888889,110.96354166666667,6.125875597215392,7.421320387334907,9.62345174912371,19.92701388888889,75.65854166666666,157.62666666666667,1.3223057407534158,8.582742897876313,6.126802229185923,59.66432461873638,1.0255555555555556,18.739722222222223,2.672446012087587,1.0729177364252127,2.206469006896553,0.7985726452714036,0.718933820633817,0.5617923604888019,0.7479574909024566,0.9648888888888929,18.749055555555554,28.979827469954817,143.146875,7.140846702126009,225.13655322145064,0.0,0.0,0.0
train/sample_0116.jpg,11.515,167.683125,159.41131944444444,137.408125,3.5119745492206045,4.183356199560518,5.983440396992996,21.89201388888889,46.22131944444445,167.683125,1.2851470299915135,5.3225258658269565,3.5119745492206045,65.85729847494554,-0.8104861111111111,12.666805555555555,1.519222040498616,0.6688410684214141,1.44763535769821,0.8468844696969696,0.8051076739618406,0.6939804292929294,0.8232162309368192,-0.8104861111111111,12.666805555555555,20.655214169692833,159.37020833333332,4.1022810336225675,73.58573934702932,0.0,0.0,0.0
train/sample_0117.jpg,11.818,157.23666666666668,143.50034722222222,119.28076388888888,6.562083002624717,6.978747491212676,8.704268874449001,19.31763888888889,61.68194444444445,157.240625,1.8602030900592283,7.729243286033587,6.554383787328725,60.19133986928105,1.2033333333333334,14.677152777777778,2.5678496250748175,1.21302651798439,1.6948878048718727,0.796124271739791,0.7263168010194843,0.6040266355855338,0.7544059629795894,1.3160000000000027,14.510152777777776,26.82122755972255,144.96694444444444,6.88035783930702,217.67786627604167,0.0,0.0,0.0
train/sample_0118.jpg,11.818,164.7590972222222,142.910625,118.41784722222222,2.907811656458846,4.718064975111556,5.831778443150521,16.02784722222222,71.84583333333333,164.76243055555557,1.5045725044355978,6.731516617540131,2.9294751488883892,60.731781045751625,4.330347222222223,16.021527777777777,1.5984788760410278,1.2048379980972341,1.3879773050120074,0.8347755674077476,0.7232258078120125,0.6000448304886734,0.7612805902160464,4.513013888888885,15.921527777777783,27.39514230153886,146.66715277777777,4.136236071329835,84.71684509548611,0.0,0.0,0.0
train/sample_0119.jpg,11.818,155.22472222222223,140.880625,110.68430555555555,5.297606894789549,5.993212563525017,8.141120132864861,20.355,73.30638888888889,155.22472222222223,1.0292675389161918,7.291853389143882,5.297606894789549,59.149700435729855,0.5927083333333333,18.194861111111113,2.209332321749902,0.8896095575759939,1.7956587255065075,0.7868111289459604,0.7138352683457417,0.5600166572783255,0.7420022109986936,0.7037083333333375,18.095194444444434,29.13871108689871,141.81104166666665,5.894906254408452,165.93348784239967,0.0,0.0,0.0
train/sample_0120.jpg,12.121,160.97340277777778,145.32694444444445,114.18270833333334,4.656647080487545,5.4963545087446795,7.5328000105054596,20.080833333333334,74.23270833333333,160.97347222222223,1.15895996239919,7.457915232112936,4.657147034315054,60.94983660130719,0.8465972222222222,18.621944444444445,1.9949115539165978,0.9909357693015086,1.9039408246004514,0.814765051320683,0.7356513556715701,0.5776089925722332,0.7638412215791344,0.8002638888888856,18.633277777777785,27.7861628458648,146.3542361111111,5.335728899475309,145.87125277295527,0.0,0.0,0.0
train/sample_0121.jpg,12.121,155.88291666666666,141.13465277777777,105.95916666666666,6.198983997734571,7.031970189110745,9.755440042184857,21.33590277777778,81.83236111111111,155.88291666666666,1.0438390103059223,8.226065110544909,6.198983997734571,59.16187363834423,-0.20319444444444446,20.7325,2.5933732278911004,0.9032907837286595,1.9151731499904763,0.7890994640892555,0.7141682957670378,0.5366651472177202,0.7412469407352937,-0.1738611111111179,20.640166666666673,30.304270991650107,141.64111111111112,6.9885484813760295,222.68654444444442,0.0,0.0,0.0
train/sample_0122.jpg,12.121,152.39895833333333,135.77131944444446,109.79388888888889,5.958146759170625,7.261083266531837,8.868093017409876,18.314444444444444,71.53368055555555,152.39930555555554,2.0328584752134353,8.213182429495602,5.960867718896961,57.4833605664488,2.1622916666666665,16.19534722222222,2.6072489063072473,1.5292909662242173,2.144396578292431,0.7718044259201112,0.6873209547803422,0.5557017714050162,0.7208033509266544,2.2999583333333273,16.14734722222222,29.99709847736255,137.7746527777778,6.867797986617857,223.43309704861113,0.0,0.0,0.0
train/sample_0123.jpg,12.424,169.6376388888889,153.23131944444444,115.8463888888889,2.835626519570061,4.031477490829602,6.59307408185031,20.93027777777778,80.98875,169.6376388888889,0.8153049399222475,7.3244177693329355,2.835626519570061,63.930038126361644,0.30993055555555554,21.862291666666668,1.424807681183569,0.8132487972868943,1.8982800031834377,0.8567557519640853,0.7738955527497193,0.5850827721661055,0.7991254765795206,0.30993055555555554,21.862291666666668,27.08534572014541,153.9322222222222,3.839558793454668,74.19968701774691,0.0,0.0,0.0
train/sample_0124.jpg,12.424,159.99277777777777,141.16666666666666,116.8075,3.5377649968365024,6.498055264632626,6.667804017566527,17.037708333333335,69.04881944444445,160.0882638888889,2.8153907906044613,6.062605554238756,4.173118476541465,59.83657407407408,3.1927777777777777,15.716458333333334,2.1535530325064145,1.4806822960136976,1.1436812934736962,0.809941012258223,0.7153498711187835,0.5916960188033784,0.750336920964475,3.1664444444444513,15.728458333333334,27.83891924247443,143.95909722222223,5.543232286761244,143.23970486111114,0.0,0.0,0.0
train/sample_0125.jpg,12.424,164.78555555555556,147.10555555555555,117.36784722222222,6.070418914907811,6.911612388037053,8.929704305107995,18.836388888888887,73.54340277777777,164.78555555555556,1.4720198760315208,8.30829936997383,6.070418914907811,61.89825708061002,1.9377083333333334,18.183680555555554,2.488084972126704,1.2677387013618207,2.141701765771977,0.8336340569812293,0.7445643065786203,0.5944150559998289,0.7758414941788608,1.9433750000000034,18.08234722222221,26.88876170118143,149.05319444444444,6.68275793998358,227.01291080246915,0.0,0.0,0.0
train/sample_0126.jpg,12.727,156.35590277777777,142.9501388888889,111.19256944444444,5.699384702803577,6.314347637866578,8.654338206174112,21.074236111111112,73.86256944444445,156.35590277777777,1.0472729665534242,7.267178044556439,5.699384702803577,59.89286492374728,-0.06597222222222222,18.78729166666667,2.3311794425568144,0.8302161025938806,1.850102744425443,0.7904907216413769,0.7234867975245534,0.5632294457886386,0.75034418174543,-0.2263055555555632,18.78262499999999,28.70885066811543,143.44506944444444,6.330451920910169,198.11094509548613,0.0,0.0,0.0
train/sample_0127.jpg,12.727,147.405625,135.69590277777777,107.1725,4.111229070543543,6.226597063448418,6.6290685096433055,21.458333333333332,69.875625,147.49743055555555,2.300498134462846,5.837047890980131,4.736573897538726,56.90846949891068,-0.32458333333333333,17.048333333333332,2.166164418132749,1.2933295076189122,1.1583141485221815,0.7465365117040708,0.6879084456506065,0.5426336637339603,0.7139187437035677,-0.37958333333334016,17.09466666666667,30.61214535134196,135.95534722222223,5.557191838459127,152.43220918209875,0.0,0.0,0.0
train/sample_0128.jpg,12.727,158.54479166666667,143.80520833333333,114.27590277777777,4.432026039827547,5.219585241710616,7.271963084453932,19.993472222222223,71.36347222222223,158.54479166666667,0.8570535114277874,6.868090398462387,4.432026039827547,60.322848583878,0.840625,17.749861111111112,1.9162736799564652,0.7577027769936501,1.722663468340326,0.8040625808272996,0.7282382556000068,0.5790421719645531,0.7562574224054768,0.8452916666666652,17.684861111111115,27.92113734713292,144.86506944444446,5.120972875306206,137.17166388888884,0.0,0.0,0.0
train/sample_0129.jpg,13.03,155.60041666666666,140.98319444444445,108.66409722222222,5.833469031160276,6.724664040842978,9.01293914889433,20.745069444444443,77.06861111111111,155.60041666666666,1.236290091209114,8.16958371466938,5.833469031160276,59.120370370370374,0.3388888888888889,19.153333333333332,2.4730667305463614,1.0943739401994432,1.877709893578996,0.7877504957178416,0.7132719531534145,0.550198889224567,0.7409259523197137,0.39622222222222125,18.981333333333335,29.5895670033513,141.65298611111112,6.584266661673821,220.51362738715275,0.0,0.0,0.0
train/sample_0130.jpg,13.03,152.94020833333335,138.4545138888889,106.44902777777777,4.696641230228414,5.565395355061271,7.22456547323105,20.572777777777777,77.55611111111111,152.94020833333335,0.9298942924128,6.61018081689898,4.696641230228414,58.185893246187355,0.37555555555555553,19.11625,2.0455101404501006,0.7386641262157144,1.6038884498998744,0.7741116590687458,0.7001940986808538,0.5389924257384244,0.7289698032703479,0.3625555555555503,19.145249999999997,30.39585661344144,139.19479166666667,5.417221826518491,145.9163796248071,0.0,0.0,0.0
train/sample_0131.jpg,13.03,157.98361111111112,139.809375,108.98055555555555,4.442832337833668,5.883343569248895,8.36250126870876,18.97388888888889,79.26763888888888,157.98361111111112,0.8994667487453679,8.26932299275396,4.442832337833668,59.0744825708061,1.9886805555555556,19.04111111111111,2.120716225640412,0.8473469597381401,2.0048147292868315,0.800103371474425,0.7074418516394548,0.5512532148124168,0.7402162595846629,2.09434722222222,19.077777777777772,29.75222391318457,141.78097222222223,5.624593728469595,152.4313197868441,0.0,0.0,0.0
train/sample_0132.jpg,13.333,146.20409722222223,130.4207638888889,101.16638888888889,6.474368042218381,5.949974273970194,9.375875263668723,19.9,78.78270833333333,146.20409722222223,7.448489779815337,7.396278598685737,6.474368042218381,55.31677559912853,1.2294444444444443,17.901458333333334,2.3656337238070155,0.9611160886190955,2.072055631475795,0.7413712645834708,0.6605467072745925,0.5128433680242831,0.6937404233088739,1.272777777777781,17.88912499999999,32.5264622942456,131.65868055555555,6.4547754443391865,193.95829812885802,0.0,0.0,0.0
train/sample_0133.jpg,13.333,156.85715277777777,132.79625,112.67243055555555,3.6978706641638768,6.329473590869149,6.860807851133802,13.850694444444445,71.99840277777778,156.87743055555555,2.263524063139816,6.932747187082122,3.8347340278844095,57.2056100217865,6.062222222222222,14.280972222222223,2.1295770955357822,1.3936923602652516,1.2526412758228358,0.7945299027685852,0.6719403838466637,0.5711410944846588,0.7169973485375999,6.26988888888889,14.106972222222216,30.391840793396664,137.69965277777777,5.480445023646757,139.2554624807099,0.0,0.0,0.0
train/sample_0134.jpg,13.333,156.56243055555555,140.671875,107.99701388888889,6.1393645330919355,6.989340144179683,9.745714412830635,20.261319444444446,79.315625,156.56243055555555,1.0954975699349956,8.347697970993055,6.1393645330919355,59.14185729847495,0.7296527777777778,19.645625,2.579614895662485,0.916004998465896,1.9934375734833032,0.7926997611316262,0.7126607860256109,0.5462413537493874,0.7415961571349036,0.6893194444444414,19.70029166666666,29.842735797850168,141.55444444444444,6.9788436022518345,221.65826340663577,0.0,0.0,0.0
train/sample_0135.jpg,13.636,153.74291666666667,140.9925,101.1848611111111,5.111590027003947,5.341394883881457,8.64624155551203,22.799722222222222,87.37840277777778,153.74291666666667,1.6055978223966578,7.967952664964644,5.111590027003947,58.85580065359477,-1.3789583333333333,23.07638888888889,2.040376650140684,0.7547545763267097,2.221141664372148,0.7788565942852511,0.7136644485088176,0.5115849935087295,0.7374930386070663,-1.4756249999999973,23.32638888888889,31.790890007652465,140.2332638888889,5.587706413023185,150.7069222173997,0.0,0.0,0.0
train/sample_0136.jpg,13.636,146.7902777777778,129.83604166666666,92.87965277777778,5.845336691240032,6.633112927530693,9.079251522718028,20.675416666666667,93.82951388888888,146.7902777777778,1.2714519669128996,9.388166519455726,5.845336691240032,55.017102396514154,0.855,22.356875,2.4487105223979144,1.2356745795987982,2.1790833217809475,0.7436021048733029,0.6573643950517273,0.47039501635573056,0.6899312550851073,0.7633333333333314,22.36820833333334,34.761850978720084,130.56840277777778,6.512587295554241,212.3568069251543,0.0,0.0,0.0
train/sample_0137.jpg,13.636,162.12770833333335,142.094375,109.20756944444445,5.234183479083433,5.683472287982297,7.872890259418349,18.669375,83.30902777777777,162.1288888888889,1.4889149287083339,9.339896600028855,5.231573365302691,60.12919389978214,2.470833333333333,20.38861111111111,2.034216249746361,1.4641965468398623,2.339416656606915,0.8209482838648696,0.7193680600087753,0.5528713369468857,0.7538740823535454,2.5378333333333263,20.364944444444454,29.586393810298862,144.4009027777778,5.42440849478776,141.13948333333335,0.0,0.0,0.0
train/sample_0138.jpg,13.939,144.11097222222222,130.66055555555556,103.18354166666667,4.232698987815287,5.113372959670648,6.727565079658527,20.25513888888889,72.5875,144.11097222222222,0.6441305359757777,5.943610890415487,4.232698987815287,55.15743464052287,0.6870833333333334,16.8,1.910632225254655,0.5627312796135963,1.3275918047351754,0.7295723756744473,0.660639175825318,0.5225656138846357,0.6910680038586072,0.9820833333333351,16.62366666666667,32.20309184030226,131.43965277777778,4.9937152047452,128.79222113715278,0.0,0.0,0.0
train/sample_0139.jpg,13.939,150.61618055555556,136.28569444444443,106.3825,5.629705623906948,6.299364237406967,8.570537347020895,20.322222222222223,75.080625,150.61631944444446,1.319008699977765,8.243007956135367,5.629357355088161,57.3453431372549,0.6869444444444445,18.13715277777778,2.3324065239192624,1.0237711317706284,1.8629450114128008,0.7624938898479507,0.6900227050131611,0.5386373877865146,0.719235394512921,0.7216111111111109,17.9894861111111,30.734093442793785,137.18798611111112,6.2060573098498235,183.55269953221452,0.0,0.0,0.0
train/sample_0140.jpg,13.939,150.99152777777778,140.01479166666667,108.23472222222222,7.197766659744507,7.42731374993258,9.693857730574269,22.399583333333332,72.3938888888889,150.99319444444444,1.6986268453437103,8.251160954602941,7.1966588170383305,58.420751633986924,-1.1631944444444444,18.593611111111112,2.783042756459115,1.1898439748192116,1.922379389046839,0.7649594841440727,0.708786121071504,0.5475812240680811,0.7323139428756822,-1.1665277777777747,18.68794444444445,29.86541394791207,139.73166666666665,7.4552980788459715,222.65364467110336,0.0,0.0,0.0
train/sample_0141.jpg,14.242,151.47083333333333,136.92090277777777,105.0436111111111,6.347865728381169,7.062286910570462,9.112661415360304,20.492430555555554,78.345625,151.47083333333333,1.1113422480945059,7.797287742359965,6.347865728381169,57.58736383442266,0.38298611111111114,19.04201388888889,2.6150496053724814,0.9068731228337347,1.8178433039139752,0.7671377298479948,0.6933733758487899,0.5319849035284373,0.7218211588855282,0.37831944444443166,19.017347222222227,30.891898588591403,137.74055555555555,6.979537132234982,227.522490234375,0.0,0.0,0.0
train/sample_0142.jpg,14.242,152.91256944444444,134.23770833333333,102.59305555555555,4.880566088313911,5.5090035168131415,8.363459318648916,18.877152777777777,84.1525,152.91256944444444,1.617347005985337,7.920433796691434,4.880566088313911,56.971132897603496,2.0615277777777776,19.665902777777777,2.0677779446581113,0.716835560955661,1.990631848739115,0.7738803668389633,0.6801782306146233,0.5195935596199969,0.71442016940799,1.9495277777777829,19.660569444444437,31.893605992748693,136.2853472222222,5.560278946489111,149.0109339506173,0.0,0.0,0.0
train/sample_0143.jpg,14.242,156.78430555555556,138.83013888888888,106.44993055555555,3.8516235128084118,6.806096734435597,8.640617502731269,19.468333333333334,82.10465277777777,156.88451388888888,2.8799300724534573,8.447670981892527,4.547381317530877,58.66688453159041,1.7563194444444445,19.777013888888888,2.328243646957319,1.2360309723554315,1.806834855279127,0.7941126399909956,0.7022736597758518,0.5391234771109423,0.7350788661789088,2.0373194444444502,19.67868055555556,30.42865500664988,140.57743055555557,6.0347700000506075,175.23911318962195,0.0,0.0,0.0
train/sample_0144.jpg,14.545,169.1913888888889,131.84875,116.00465277777778,3.1067414625994774,5.587638747345345,6.530540901240661,8.924513888888889,80.09430555555555,169.19166666666666,1.0964889229446864,7.160093560529324,3.109316198494953,58.271269063180824,11.959513888888889,14.000902777777778,1.8396365511719353,1.4043928254375384,1.438773307174111,0.8573815536467879,0.6678647710867786,0.58794484070938,0.7307275197540719,12.11118055555556,13.946569444444432,31.469180738016746,141.29625,4.779573126423878,100.83808541184415,0.0,0.0,0.0
train/sample_0145.jpg,14.545,144.81125,145.9038888888889,91.76027777777777,7.027045854233473,5.604047286349497,10.713421226073082,30.45076388888889,95.34756944444445,146.25666666666666,1.8318761556958492,9.188721252657936,6.749122165140888,59.29812091503269,-9.09625,28.62472222222222,2.299587309014121,1.5564961875778702,2.833872484105952,0.7336871162121448,0.7391643067064525,0.46443890310777874,0.7433460192870195,-9.267249999999992,28.79405555555555,35.62402072531876,139.37979166666668,6.55763930770293,178.12642337480708,0.0,0.0,0.0
train/sample_0146.jpg,14.545,150.8673611111111,132.9232638888889,99.82625,5.6021862034820185,6.8193668582229074,9.077824313723765,19.325347222222224,86.50270833333333,150.8673611111111,0.7941954464832597,8.16969286777795,5.6021862034820185,56.35389433551199,1.6500694444444444,20.25173611111111,2.4960559151334056,0.8002473545790717,1.7814331113916835,0.7630881548784195,0.672873599972102,0.5049814602166095,0.7062192300467638,1.5807361111111116,20.33406944444445,32.657890793700226,134.66194444444446,6.619984189073283,203.4431589072145,0.0,0.0,0.0
train/sample_0147.jpg,14.848,150.22118055555555,131.44881944444444,103.94951388888889,4.579669292483499,5.433041147119392,6.953777433671123,17.840972222222224,78.69673611111111,150.22118055555555,1.1202004529474583,6.803260281523004,4.579669292483499,55.94858387799564,2.8670138888888888,17.55986111111111,2.0021114869217813,1.042377477386505,1.5972719738628278,0.7609153700905282,0.6659829028795061,0.526391507589402,0.7017940834870534,2.773680555555555,17.586194444444438,32.022222190517844,133.9507638888889,5.209260528117891,146.9493072482639,0.0,0.0,0.0
train/sample_0148.jpg,14.848,155.17805555555555,139.86215277777777,107.90597222222222,4.662911179035972,5.565527411265727,7.698749386122914,20.12611111111111,77.82965277777778,155.17805555555555,0.9449052797261055,6.957695271463342,4.662911179035972,58.81304466230937,0.735625,19.098958333333332,2.047642391394509,0.8565322679512236,1.697669652277465,0.7862677009846062,0.7071328315606691,0.5456364422944566,0.7364542599470423,0.7606250000000057,19.04495833333333,29.866718937370706,140.949375,5.446648398422801,150.4971342399691,0.0,0.0,0.0
train/sample_0149.jpg,14.848,145.52229166666666,130.20090277777777,97.51375,6.059043082995186,5.610739876591456,9.128820651817634,20.346805555555555,84.36868055555556,145.52229166666666,3.154472718039909,7.8791288776216755,6.059043082995186,55.020860566448796,0.6794444444444444,19.98361111111111,2.239094572077715,0.9961145194215718,2.1982652918175907,0.7362675100262082,0.6589659204848803,0.4937446729508266,0.6892157681466974,0.535444444444439,20.09727777777777,33.621969389614605,130.93493055555555,6.110430687735678,178.88067708333332,0.0,0.0,0.0
train/sample_0150.jpg,15.152,155.739375,136.75583333333333,103.84541666666667,5.735167308267089,6.379761348287535,8.314611876673844,19.139583333333334,85.22548611111111,155.739375,0.7949247649585643,7.026234799530767,5.735167308267089,57.890495642701524,2.2065972222222223,20.39465277777778,2.363836411647156,0.9035567552690225,1.6215173848703346,0.7888533620362163,0.6925549926822722,0.5259602511484521,0.7257765054985515,2.215930555555553,20.306652777777785,31.458163023875596,138.59097222222223,6.355513935797584,179.46533701774695,0.0,0.0,0.0
train/sample_0151.jpg,15.152,149.05388888888888,131.67236111111112,95.82923611111111,6.200068224435236,8.678862411543049,11.53079539633063,20.473125,91.44659722222222,149.09305555555557,2.076448613735831,10.472606240886995,6.4833510365839055,55.792429193899785,1.0811805555555556,21.754236111111112,3.0898564632610808,1.0946872945984378,2.164955118812805,0.7545593273631639,0.6662299816387087,0.48553255205694457,0.698964329482151,1.0665138888888852,21.762902777777782,33.81242809494981,132.84208333333333,8.178125029189488,272.1910378038194,0.0,0.0,0.0
train/sample_0152.jpg,15.152,147.7290277777778,127.66333333333333,92.05965277777777,3.858654291805998,5.2589463456727055,6.684786616015212,19.125694444444445,96.12319444444445,147.7290277777778,0.9454750810349023,7.3079648950054175,3.858654291805998,54.482434640522875,2.2649305555555554,22.061597222222222,1.8810159427042814,0.9457613750364319,1.4555059082261304,0.7481453377696675,0.6464555419396874,0.4659415931512727,0.683125574679204,2.434597222222227,21.971263888888902,35.22228737443113,129.66458333333333,4.890892453638248,119.62216897665895,0.0,0.0,0.0
train/sample_0153.jpg,15.455,149.68618055555555,133.8176388888889,101.14729166666666,4.83565210133857,4.661076411521519,7.2722675012246825,20.217777777777776,82.86395833333333,149.68618055555555,1.3584879484829113,6.500793190786371,4.83565210133857,56.54773965141612,0.7169444444444445,19.92534722222222,1.8113764644676726,0.9926208838906234,1.7634945630427026,0.7574777115797452,0.6779009062253744,0.5124348356939122,0.708896986928426,0.5816111111111092,19.943013888888892,32.24405209897932,134.85618055555557,4.921771008111671,122.67171288580248,0.0,0.0,0.0
train/sample_0154.jpg,15.455,144.2407638888889,126.09006944444444,92.41701388888889,6.105395334804765,7.21215303387837,9.370398246892474,19.42076388888889,91.93027777777777,144.2407638888889,1.1609261029340803,9.197576669399831,6.105395334804765,53.710838779956426,1.8059027777777779,20.900277777777777,2.6496354354866654,1.1459620613717518,2.1159578683464573,0.7301050164364995,0.6385589820290207,0.46795557209639366,0.6734034945681449,1.7989027777777729,20.84194444444444,35.3031916293452,127.79618055555555,6.996233063478575,237.60052927758485,0.0,0.0,0.0
train/sample_0155.jpg,15.455,150.80583333333334,135.33909722222222,108.32597222222222,7.20650318770776,7.676511741561115,9.418826766953845,19.129236111111112,72.02784722222222,150.80625,1.2322769010731156,7.0007630202394715,7.2058783753076465,57.201279956427015,1.5019444444444445,16.49875,2.853679962211075,0.876702532360272,1.488333741601288,0.7640896807971627,0.6858678251595786,0.5496678371158689,0.717663850721562,1.5536111111111068,16.286750000000012,30.286196567337765,136.92243055555556,7.6624098459920065,300.5073995177469,0.0,0.0,0.0
train/sample_0156.jpg,15.758,147.11354166666666,131.56597222222223,99.46666666666667,5.802186844528935,6.847532637486907,9.077888276220657,20.181180555555557,82.85201388888889,147.11354166666666,0.9952770388522301,7.917410673799225,5.802186844528935,55.60100762527233,0.8478472222222222,19.471666666666668,2.5306363777566423,0.9276476096934987,1.7846653903618896,0.7446373917650314,0.6664695277559204,0.5035003737444128,0.6969542734797652,0.7191805555555475,19.57366666666667,32.891338108406686,132.62222222222223,6.718811118010848,215.21250134548612,0.0,0.0,0.0
train/sample_0157.jpg,15.758,144.42465277777777,130.226875,99.22930555555556,6.4263792740449635,6.709072419818774,9.69326381600304,20.554930555555554,80.04979166666666,144.42465277777777,1.9212363989715218,8.030027411807954,6.4263792740449635,55.012717864923744,0.36069444444444443,18.690694444444443,2.560491102904532,0.9178232497310762,1.9944776720769726,0.7314344241077808,0.6596114818948183,0.5025770004991645,0.6896863355954295,0.3853611111111057,18.66069444444444,33.049131342288504,131.09333333333333,6.8807933166653585,213.65059374517745,0.0,0.0,0.0
train/sample_0158.jpg,15.758,149.72486111111112,135.2979861111111,103.70736111111111,5.117968752090545,5.664854744614151,7.764729818054438,20.654166666666665,78.48305555555555,149.72486111111112,1.451190842415662,8.378493738749096,5.117968752090545,57.017129629629636,0.32055555555555554,18.98138888888889,2.0849858240070476,1.2041108855464093,1.989503920268928,0.7580660178073462,0.6845943871082724,0.5249534870117964,0.7143388911816857,0.43388888888888527,18.927055555555544,31.36726394688764,136.0338888888889,5.5651910608001485,158.85586016589505,0.0,0.0,0.0
train/sample_0159.jpg,16.061,146.57652777777778,126.9948611111111,90.56569444444445,7.124330701452992,7.85366872746246,10.4183993660771,19.664722222222224,97.685,146.57652777777778,1.3983938924333235,10.71714345751167,7.124330701452992,54.182080610021785,1.9860416666666667,22.56625,2.893980911919858,1.4932764678300532,2.4168505317986786,0.7421859396423053,0.6427364190428632,0.4588857643111291,0.6794564856281706,2.165374999999999,22.40591666666666,35.69601970469674,128.59986111111112,7.707294523345969,292.27717773437496,0.0,0.0,0.0
train/sample_0160.jpg,16.061,144.51368055555557,128.709375,97.04819444444445,6.336683899517151,7.470863470728259,9.714488581836386,20.045555555555556,84.04263888888889,144.51368055555557,1.2001190784540765,8.377548616035503,6.336683899517151,54.52347494553377,1.033611111111111,19.43513888888889,2.7590187410171017,0.9688098448261656,1.9462110575962406,0.7317840026511648,0.6520077623967012,0.49146455166142816,0.6837275665456374,1.0112777777777753,19.41047222222223,33.85844961764311,129.78430555555556,7.3175685333291645,248.27511920814047,0.0,0.0,0.0
train/sample_0161.jpg,16.061,140.71145833333333,124.01729166666667,96.27534722222222,5.812415527313045,7.675849095155052,9.80491390502702,18.814930555555556,80.87145833333334,140.72083333333333,1.6041999981508712,9.010222086047563,5.89005606226832,52.892075163398694,1.9759722222222222,17.477013888888887,2.7807505226716613,0.8618329299976852,1.7710321770169286,0.7128577085711583,0.6282516354216974,0.48773929521721976,0.6636080241547954,1.9563055555555564,17.39868055555554,34.67568410295964,125.85090277777778,7.303713326223788,236.6190405044367,0.0,0.0,0.0
train/sample_0162.jpg,16.364,143.50152777777777,125.39284722222222,91.20736111111111,6.721276160183586,7.554536271816365,9.87295274039346,19.728472222222223,93.22493055555556,143.50166666666667,1.156272939378807,9.500506016971402,6.721028153820514,53.4760348583878,1.7981944444444444,21.232916666666668,2.7911389967705382,1.1112915738866007,2.027840899892735,0.7269679146853272,0.6337389050056211,0.4615072042836646,0.6697976921989601,2.060194444444445,21.196916666666667,35.66082223945957,126.9113888888889,7.415640997534939,254.5715754436728,0.0,0.0,0.0
train/sample_0163.jpg,16.364,138.52520833333332,124.67861111111111,92.34069444444444,5.714897985474609,6.625438204701301,8.627847972053182,21.030694444444446,85.21319444444444,138.52520833333332,1.3503197423705584,8.483658691598157,5.714897985474609,52.77837690631808,0.15020833333333333,19.62173611111111,2.4608565720415156,1.0714767643757948,1.99483006442108,0.7017724762741058,0.6312841068917018,0.46759201432259134,0.6616866604390981,0.20587500000000053,19.5477361111111,35.44928148173109,125.24902777777778,6.448810109823496,216.60081419270836,0.0,0.0,0.0
train/sample_0164.jpg,16.364,148.31694444444443,130.4440972222222,96.82819444444445,4.563422399571937,5.921576591067486,8.307589205458394,19.64736111111111,88.73027777777777,148.31694444444443,0.8683197264697322,8.473719171031474,4.563422399571937,55.39953703703703,1.6197916666666667,20.67597222222222,2.1580517616154147,0.7822403445215685,1.85939966396133,0.7490754769921436,0.6588085718294051,0.48903128507295174,0.6924942129629629,1.6197916666666667,20.67597222222222,33.690152929954095,132.1017361111111,5.697574755721009,147.2124,0.0,0.0,0.0
train/sample_0165.jpg,16.667,142.91743055555557,123.32479166666667,94.59069444444444,4.279917776748955,6.791579495222808,8.574799775178851,18.04013888888889,86.46013888888889,142.9375,2.000638782055639,9.103231720575392,4.435163704231596,52.910348583878,3.037916666666667,18.609166666666667,2.38105259665738,1.0966900168486788,1.7621087036086434,0.7237754825284768,0.6254109826394172,0.47912217016307174,0.6639646969600039,2.9362500000000074,18.6965,35.21840072617736,125.96354166666667,6.15872156745912,184.94321597222222,0.0,0.0,0.0
train/sample_0166.jpg,16.667,141.79118055555554,130.67569444444445,90.10555555555555,4.752653351977679,4.291735380158214,7.583670118691121,23.593680555555554,93.20444444444445,141.79118055555554,1.7259382498803684,7.533803983986481,4.752653351977679,54.753921568627455,-2.0877777777777777,23.39701388888889,1.7311809196759322,0.8393552787411402,2.0194070842772938,0.7171710977019535,0.6623444076876204,0.4561913939334617,0.6866004983116416,-2.331111111111117,23.57634722222222,35.4017384522707,129.5104861111111,4.734407276913974,97.56677487943674,0.0,0.0,0.0
train/sample_0167.jpg,16.667,142.8176388888889,125.978125,98.21201388888889,5.486442379238534,6.512179344713184,8.487522384183976,18.660416666666666,79.836875,142.8176388888889,1.297364783684332,8.509389500946787,5.486442379238534,53.637472766884535,1.9524305555555554,17.58763888888889,2.3985160385157616,1.0834107321888193,1.79659012905587,0.7233751254297535,0.6381234814498387,0.4975884296413388,0.6727284253417801,2.1230972222222175,17.32630555555555,34.02467449574597,127.80902777777777,6.295086412724835,174.1144044704861,0.0,0.0,0.0
train/sample_0168.jpg,16.97,145.09319444444444,117.89361111111111,96.86076388888888,5.5195041359377495,9.678351458790926,9.577483111434361,13.343263888888888,85.210625,145.18833333333333,3.2365131121017985,8.346107602312399,6.218728657138392,51.63992374727669,7.489444444444445,15.702430555555555,3.2861001109597057,1.9588190099088398,1.3139189401514009,0.7346602451907848,0.5965782742879441,0.49071003900363686,0.6471656040173169,7.74644444444445,15.517097222222208,36.297193600169706,123.65090277777777,8.359841539998301,289.8850270833334,0.0,0.0,0.0
train/sample_0169.jpg,16.97,145.88756944444444,126.99618055555555,88.62819444444445,6.454848387337206,8.080432425904272,10.703450096216189,20.027013888888888,100.45694444444445,145.88756944444444,0.9916488652890736,9.82530500500328,6.454848387337206,54.0636982570806,1.4022222222222223,23.540277777777778,2.950964965923814,0.9031706837307205,2.220057539433395,0.7373197958397492,0.6431901530984915,0.4485187115739944,0.6776831105998837,1.212555555555569,23.478944444444455,36.226672240981515,128.30243055555556,7.826352895695112,279.80192708333334,0.0,0.0,0.0
train/sample_0170.jpg,16.97,137.015,120.90958333333333,87.91263888888889,6.886282459434802,7.063070416984116,9.425807140955651,20.22854166666667,91.64027777777778,137.015,1.2613063492258199,9.150298412289555,6.886282459434802,51.569607843137256,0.8815972222222223,20.49298611111111,2.685713707503521,1.024733138156822,1.9796410238072033,0.6938861982406592,0.6123141005081112,0.445176874836128,0.6465258703760759,0.868263888888901,20.45565277777779,36.95845425544513,121.81993055555556,7.1728465599757,233.57197511091826,0.0,0.0,0.0
train/sample_0171.jpg,17.273,144.22576388888888,128.82340277777777,94.98076388888889,5.622641737734619,6.566105693382613,8.874666158030797,20.48576388888889,87.36527777777778,144.22576388888888,1.0459937326275894,8.462797011401484,5.622641737734619,54.457135076252726,0.609375,20.655694444444446,2.4496908438888862,0.900298344647484,2.0679588207731747,0.7294309594816109,0.6522560827076086,0.48086899938177535,0.6826036174203324,0.6077083333333348,20.641027777777776,34.420578208082226,129.63791666666665,6.443041560366588,202.68941635802472,0.0,0.0,0.0
train/sample_0172.jpg,17.273,150.86506944444446,133.60340277777777,97.04222222222222,6.654399285907302,7.550358864098636,9.942139304526961,20.341666666666665,91.08243055555556,150.86513888888888,1.2983697042402467,9.656665641649662,6.655052903424276,56.564351851851846,0.9357638888888888,22.119097222222223,2.764002344592219,1.220302262113043,2.3878562599799884,0.7644233800729864,0.6765083208291629,0.49145753639873907,0.709365631922746,1.1024305555555602,21.984763888888892,33.32068854211272,134.53284722222222,7.411920125640937,259.40243886959877,0.0,0.0,0.0
train/sample_0173.jpg,17.273,151.659375,135.374375,104.09986111111111,4.61189761479801,6.162897183363467,7.1831032432321935,19.87611111111111,80.11659722222223,151.66055555555556,1.2138947368279347,6.86929173763005,4.619529764695936,57.190631808278866,1.1313194444444445,19.173958333333335,2.1949577512802847,0.9320927368977129,1.3651728211465473,0.7679746353633032,0.6853600593348622,0.5271848885842852,0.717163289370012,1.2033194444444473,19.10329166666668,31.369845640693494,136.63784722222223,5.741965239357714,138.447999691358,0.0,0.0,0.0
train/sample_0174.jpg,17.576,138.7679861111111,125.03333333333333,95.0976388888889,4.842719633042026,7.29797346300175,9.123225549396398,20.769930555555554,80.71229166666667,138.8625,3.0120219760264764,8.43789823905928,5.610244535669089,52.91949891067539,0.3775,18.26888888888889,2.603941580971329,1.0244886936093212,1.6818653298211248,0.7026511763064383,0.6326626648068532,0.48165254425668963,0.6631472702632164,0.47383333333333383,18.180888888888894,34.79762159599183,125.67652777777778,6.722047402168937,207.227227888696,0.0,0.0,0.0
train/sample_0175.jpg,17.576,144.62527777777777,130.04875,99.5904861111111,7.189768960169721,8.056656053899035,10.517340498082682,20.342291666666668,79.71638888888889,144.62527777777777,1.0033224104818332,8.64687536781469,7.189768960169721,54.924782135076256,0.6483333333333333,18.415277777777778,2.9965221718518333,0.8542036577356064,1.8995364728607858,0.7325123133303619,0.658483574461765,0.5040565554419576,0.6885726139537526,0.6913333333333397,18.56427777777778,33.037888505805135,130.9584722222222,8.005853615345432,290.31296510416666,0.0,0.0,0.0
train/sample_0176.jpg,17.576,141.9325,122.92819444444444,86.42972222222222,4.860343995027567,5.982264023852878,8.331728507508812,19.786180555555557,99.93847222222222,141.9325,0.8479816695213017,9.290950967910288,4.860343995027567,52.52995642701524,1.9090277777777778,22.710763888888888,2.2042380030043227,0.9285153318338999,2.0594351234221673,0.719052122296995,0.6223351086150665,0.43823644573646686,0.6586779808072661,1.9253611111111133,22.628763888888894,37.192141445834196,124.205625,5.827557523757988,156.9331643470293,0.0,0.0,0.0
train/sample_0177.jpg,17.879,143.78604166666668,124.90375,90.84868055555556,6.6942958428504955,7.893811735484992,10.290668895394335,19.263958333333335,94.2475,143.78604166666668,1.1313000871355074,9.59196679953256,6.6942958428504955,53.27066993464052,2.0716666666666668,21.272916666666667,2.9113031172739285,1.1894221285985898,2.1091638268781097,0.7274363642189334,0.6325019791467978,0.4601843831644306,0.6679023600753913,2.0029999999999943,21.131249999999987,35.89062095703064,126.70277777777778,7.691833191086905,277.79667183159717,0.0,0.0,0.0
train/sample_0178.jpg,17.879,139.411875,120.94680555555556,83.74604166666667,5.440385054380816,6.52607618336482,9.009294099147395,20.092430555555556,102.11590277777778,139.411875,0.6839415449028478,9.34609082816549,5.440385054380816,51.686819172113296,1.6827777777777777,23.264375,2.4262631064266063,0.799866694140381,2.0083942655867317,0.7046104503259937,0.6114858507127309,0.42433639939669604,0.6469711249499588,1.6881111111111176,23.062375000000003,38.16959867712257,122.06465277777778,6.4395738744883015,205.22434721739967,0.0,0.0,0.0
train/sample_0179.jpg,17.879,154.54993055555556,137.80145833333333,101.94479166666666,6.015963139446471,6.9193838506950565,9.64320827986348,20.50861111111111,86.99458333333334,154.54993055555556,1.2120039713397306,9.492744222929012,6.015963139446471,58.09665032679738,0.6598611111111111,21.510902777777776,2.5375730072680867,1.0730926141240813,2.3727077865906367,0.7823913218338435,0.6974416864616091,0.5162885674686978,0.7280234293352379,0.7271944444444486,21.44923611111111,31.67767345160062,138.6929861111111,6.804602668196676,216.7575651041667,0.0,0.0,0.0
train/sample_0180.jpg,18.182,147.74027777777778,129.39895833333333,92.93104166666667,6.7631489157181255,8.144489379223385,10.848395056589862,19.986805555555556,94.88923611111112,147.74027777777778,0.7286542511691886,9.372804674804506,6.7631489157181255,54.99708605664488,1.4979166666666666,22.335486111111113,2.9820000982487884,0.7873980313172126,1.9966337399417462,0.7476230236376312,0.6544599987187181,0.46982563949598666,0.6892192829992307,1.7539166666666668,22.1604861111111,34.8271351794523,130.71895833333335,7.977414404529656,281.74932094425156,0.0,0.0,0.0
train/sample_0181.jpg,18.182,150.48854166666666,133.87993055555555,96.41263888888889,6.083722073053226,6.757914084460858,9.452190000948628,20.923541666666665,91.84465277777778,150.48854166666666,1.2825435712490654,9.48473733113044,6.083722073053226,56.48319716775599,0.5025,22.432986111111113,2.499831497725833,1.2539357483982627,2.1657903932709823,0.7616639195189764,0.6778536171395364,0.48825837951654355,0.7083873658681601,0.506833333333335,22.436319444444443,33.516854786409674,134.68840277777778,6.677641296312232,211.3065645785108,0.0,0.0,0.0
train/sample_0182.jpg,18.182,132.89409722222223,113.465625,79.7875,6.470786371711386,7.497976506545401,9.889457595226682,18.954027777777778,102.31076388888889,132.89409722222223,1.1576906607100022,10.637807090479113,6.470786371711386,48.89675925925926,2.593958333333333,21.40361111111111,2.8177740805297646,1.0775768332686175,2.293320800326434,0.6727441175163665,0.574761709779819,0.40415514289477145,0.6130717462575591,2.4412916666666575,21.40627777777778,39.920256795727816,115.52854166666667,7.323375196052213,254.58737152295527,0.0,0.0,0.0
train/sample_0183.jpg,18.485,163.87409722222222,143.3476388888889,99.68743055555555,3.5560662007172468,5.12354125392874,8.210444419434543,20.52722222222222,99.9973611111111,163.87409722222222,0.8462059478477161,9.196564499411345,3.5560662007172468,60.469716775599125,1.2349305555555556,26.005972222222223,1.804089485201556,0.8882031616069492,2.2316456059015075,0.827646955667789,0.7239779741863076,0.5034718714927048,0.755871459694989,1.2349305555555556,26.005972222222223,32.45690126566863,144.5336111111111,4.8725402072212445,113.77194825906636,0.0,0.0,0.0
train/sample_0184.jpg,18.485,141.208125,119.53909722222222,87.17902777777778,6.8725765899242806,8.154753165178057,10.195125695335147,18.025833333333335,97.88361111111111,141.208125,1.54857438920102,10.839225744381514,6.8725765899242806,51.498148148148154,3.6594444444444445,21.05097222222222,2.988702578716944,1.6493667883370076,2.4004135405998404,0.7163755360669931,0.6048008885500938,0.4413137360446235,0.6454988093677634,3.897111111111114,20.9126388888889,37.57708208738049,122.42125,7.790586812425906,301.5161444396219,0.0,0.0,0.0
train/sample_0185.jpg,18.485,137.48777777777778,121.783125,86.858125,6.214453632510227,7.330575709613496,9.704792449320138,20.666458333333335,94.35506944444444,137.48777777777778,1.0426661663135557,8.954885111283668,6.214453632510227,51.76892701525053,0.5602777777777778,21.535,2.7249167348558325,0.8742329530353106,2.043491701312568,0.6969652421402086,0.6166265398812146,0.4396818573745071,0.6492226220335184,0.6219444444444452,21.616999999999994,37.20571809570578,122.43534722222222,7.203431899409942,235.20642534239968,0.0,0.0,0.0
train/sample_0186.jpg,18.788,147.39930555555554,125.87611111111111,92.35395833333334,5.72522435911344,7.216353833780936,9.542233878245954,18.34048611111111,95.49229166666667,147.39930555555554,1.1830867289173574,9.514204090226771,5.72522435911344,53.9329248366013,3.2156944444444444,21.20340277777778,2.625092274395339,1.2349103952973997,2.104116884953837,0.7462160267887528,0.6374582135516104,0.4676141896806925,0.67663925419715,3.2813611111111167,21.191736111111123,35.42480612967373,128.42756944444446,6.905263968979649,230.01093333333336,0.0,0.0,0.0
train/sample_0187.jpg,18.788,137.23291666666665,118.173125,80.82319444444444,6.423117955543702,7.7652779488739085,10.396199402558013,19.976319444444446,105.22208333333333,137.23291666666665,0.8974858761870556,10.414172293015469,6.423117955543702,50.65040849673203,1.8875694444444444,23.338194444444444,2.8823660007688816,0.9863292965782676,2.099851070373066,0.6948572474995527,0.598413615402274,0.4094988344004156,0.6351517985352069,1.8889027777777794,23.319527777777783,39.13179024922078,119.44548611111111,7.588749012139718,298.0591385802469,0.0,0.0,0.0
train/sample_0188.jpg,18.788,137.42743055555556,120.56888888888889,82.2629861111111,6.761893662130469,7.928822519341884,10.548877874755688,20.85965277777778,102.74326388888889,137.42743055555556,0.886525610016102,10.466374221622022,6.761893662130469,51.35585511982571,0.6302777777777778,23.378333333333334,2.9449810268380383,0.8684916238037553,2.2655150260665526,0.6956002896350036,0.6106155449464631,0.41658683697750587,0.6438207395147105,0.5032777777777683,23.448333333333327,38.426683203440035,121.225625,7.803569092511275,288.4681248263889,0.0,0.0,0.0
train/sample_0189.jpg,19.091,145.87423611111112,125.49263888888889,87.27215277777778,5.178556491256955,6.2549159540176476,8.938798208993239,19.647777777777776,102.74861111111112,145.87423611111112,1.0350633665817368,9.670186041177493,5.178556491256955,53.63954248366013,2.172083333333333,23.787847222222222,2.300900327493032,1.1006808972177178,2.258761848396165,0.7383993431916455,0.6352117187267124,0.44178216738633147,0.6721372832938032,2.1200833333333406,23.76718055555555,36.79494229129867,127.24381944444444,6.091643581411773,183.67134582851082,0.0,0.0,0.0
train/sample_0190.jpg,19.091,145.97,120.41055555555556,85.84833333333333,4.128147284194549,6.828203336345388,8.823267692742787,17.44,105.35826388888889,145.98888888888888,1.7472629389354672,10.079664334541338,4.275221097451814,52.23420479302831,4.896041666666667,22.730833333333333,2.373430868561155,1.2741384446133264,1.9281667675108742,0.7383346962173646,0.6098600022397842,0.4347382067270524,0.6549051165392666,4.834708333333344,22.76216666666667,37.8884570404768,124.08319444444444,6.145099295461404,175.91659710165897,0.0,0.0,0.0
train/sample_0191.jpg,19.091,137.20284722222223,121.06208333333333,83.65569444444445,5.630290618510072,5.645330528040632,8.697305349996302,21.004930555555557,99.81583333333333,137.20284722222223,1.7230191914389166,8.798064773005237,5.630290618510072,51.44095860566449,0.4336111111111111,22.818819444444443,2.2117781185266083,0.9128150986486736,2.032996897210214,0.6949090722357285,0.6129487800473569,0.4235066619641699,0.6448580467831658,0.41594444444445483,22.867152777777775,38.07416510891025,121.59375,5.920312477090114,168.06399582851083,0.0,0.0,0.0
train/sample_0192.jpg,19.394,140.64152777777778,121.90847222222222,87.04347222222222,7.109088306863891,8.096215535620113,10.762340418190808,19.506944444444443,97.53326388888888,140.64152777777778,1.0695048684227206,9.891824860420812,7.109088306863891,52.14300108932461,1.7802083333333334,21.662569444444443,3.0032004235859953,1.1315966895092675,2.0175863077118557,0.7115925713546849,0.618247282853691,0.44080976769729746,0.6540950154767117,1.6178750000000113,21.774569444444438,37.03395162483285,123.61458333333333,8.019364313526077,285.28864118441356,0.0,0.0,0.0
train/sample_0193.jpg,19.394,144.7476388888889,125.03673611111111,90.98576388888888,3.7557263659993985,5.030335521427997,7.4334925319142675,19.091041666666666,94.81243055555555,144.7476388888889,0.7717064593322093,8.722330755860481,3.7557263659993985,53.468382352941184,2.4263194444444443,21.379444444444445,1.8313698792830424,0.8375652930831538,1.8788426467796673,0.7327906010021578,0.6325070581100396,0.46070529601430377,0.6694891916531771,2.3809861111111124,21.395111111111106,35.806723049913685,127.05972222222222,4.826119896580776,101.90457399691357,0.0,0.0,0.0
train/sample_0194.jpg,19.394,135.640625,115.97638888888889,82.04493055555555,7.690069509036927,8.535839362742637,11.020529863278359,19.057083333333335,101.13965277777778,135.64229166666667,1.4036924891753124,11.03581970431285,7.688774485026369,49.868191721132895,2.6691666666666665,21.510416666666668,3.1892565603357674,1.3954765713228978,2.066405183390819,0.6866477478860857,0.5882159845860545,0.41490547807964634,0.6261917463443992,2.590833333333319,21.512750000000008,39.097812327688246,117.99909722222222,8.39421505604988,317.50372899305563,0.0,0.0,0.0
train/sample_0195.jpg,19.697,147.0338888888889,127.13958333333333,90.48368055555555,6.87217347059012,6.995005348559355,10.633915099453578,19.423958333333335,98.39909722222222,147.0338888888889,1.470372552351336,10.094764141567552,6.87217347059012,54.28352396514162,2.0483333333333333,22.79951388888889,2.675220548895439,1.1811117643982723,2.446031317898533,0.745335825098792,0.6438164420002903,0.4579751681513475,0.6804229954176293,1.9843333333333404,22.867180555555557,35.73112924969704,128.85194444444446,7.212153831263062,231.3913475646219,0.0,0.0,0.0
train/sample_0196.jpg,19.697,147.4646527777778,132.62444444444444,85.63659722222222,4.34397737825269,5.611873545560259,8.729847082725893,22.790625,107.16347222222223,147.4646527777778,0.8586057162875322,10.004600283496634,4.34397737825269,55.691639433551195,-1.3295138888888889,27.482569444444444,2.0539217114370083,0.8051680551470737,2.312160259286089,0.745035624326711,0.6701972714174861,0.43418266693030977,0.696539288007054,-1.3388472222222194,27.493902777777784,36.944491870134456,131.62840277777778,5.499991055951622,133.30616388888888,0.0,0.0,0.0
train/sample_0197.jpg,19.697,149.3998611111111,128.83930555555557,88.87611111111111,6.123211755519057,7.58814935467469,10.4687397834843,19.995625,103.61875,149.3998611111111,0.8043598375503698,10.087612513141266,6.123211755519057,54.85765250544662,1.9204166666666667,24.74,2.779997520623729,0.858244230812082,2.3080258519638233,0.7560390120091449,0.6517964746724587,0.4507336463001563,0.6875597663466932,2.1317499999999954,24.588999999999988,36.24359777012605,130.53666666666666,7.383449209022991,246.53290786554786,0.0,0.0,0.0
train/sample_0198.jpg,20.0,138.56479166666668,119.62756944444445,83.73263888888889,5.5371820787523856,6.790442910866352,9.173802751594222,19.588958333333334,101.14444444444445,138.56479166666668,0.9401552906228363,9.642525730799006,5.5371820787523856,51.19212962962963,1.7925694444444444,22.477777777777778,2.5226832868952376,0.8637533136516096,2.1201233076182557,0.7009183976286145,0.6054639611521634,0.4238611449520396,0.6415369105344779,1.5665694444444453,22.54477777777777,38.24693972097746,121.29097222222222,6.596489104002855,210.97172684702934,0.0,0.0,0.0
train/sample_0199.jpg,20.0,136.37826388888888,120.28770833333333,85.86409722222223,6.231877039092392,7.380468896835173,9.334289527894013,20.38375,94.7761111111111,136.37826388888888,1.5837586599781899,9.403612567571528,6.231877039092392,51.26500544662309,0.8600694444444444,21.160625,2.731474992091158,1.2861181886504323,2.3315093224102945,0.6908726640774513,0.60928203236329,0.43465662055613863,0.6431096886373003,0.973069444444444,21.153624999999995,37.51527229188187,121.21291666666667,7.091452197599116,240.8793478732639,0.0,0.0,0.0
train/sample_0200.jpg,20.0,141.5011111111111,121.21395833333334,80.0182638888889,6.0189052981122275,6.815646798070377,9.5122004865879,20.27145833333333,111.075625,141.50166666666667,1.2020777548974493,10.701429825206043,6.022065675496728,51.953050108932466,1.797013888888889,25.62,2.511268123093617,1.2885627112865752,2.1963770674049163,0.7164564852445441,0.6134102678722041,0.4049363832702733,0.6511089886621909,1.8096805555555497,25.633666666666667,39.13697243751928,122.611875,6.671101490420162,213.87522183159723,0.0,0.0,0.0
train/sample_0201.jpg,20.303,135.43555555555557,116.11583333333333,81.91388888888889,6.721339335960917,7.782979961643645,10.317915992684938,19.11659722222222,101.11652777777778,135.43555555555557,1.4705260128392394,11.840568405524035,6.721339335960917,49.91143790849673,2.340763888888889,21.786180555555557,2.8870761288240265,1.4504039570740241,2.6458910745740845,0.6856651698046767,0.5881128928237388,0.4147118716529409,0.6259487860456728,2.2294305555555547,21.811513888888893,39.13853955415395,117.98180555555555,7.5505851183109,262.84669964795523,0.0,0.0,0.0
train/sample_0202.jpg,20.303,147.70923611111112,126.48277777777778,92.43,5.598509050019816,6.938308155576014,9.307909718799737,18.405763888888888,95.65305555555555,147.70923611111112,0.8415479122998478,9.099811756124453,5.598509050019816,54.2187091503268,2.9744444444444444,21.53013888888889,2.5297297691853844,0.8329413893094108,1.91787859731611,0.748630229750292,0.639924469074257,0.4671917779369024,0.6793167167288485,3.0157777777777715,21.56013888888889,35.291336834823866,129.0145138888889,6.721658435595124,190.55812065972222,0.0,0.0,0.0
train/sample_0203.jpg,20.303,139.23222222222222,122.72784722222222,87.64013888888888,5.734395788723541,6.894978211148794,9.4459838604464,20.390555555555554,94.79416666666667,139.23222222222222,1.0728180555186502,9.499370995258683,5.734395788723541,52.25198801742919,0.8734027777777778,21.682569444444443,2.5570046393309904,0.8207471724614074,2.2098583559836595,0.7058321884802716,0.6212149524563159,0.4432747123181124,0.6551227115862528,1.007069444444448,21.652569444444442,36.86457453440435,123.65736111111111,6.756742618602784,197.05066597222222,0.0,0.0,0.0
train/sample_0204.jpg,20.606,132.91236111111112,114.31430555555555,77.53395833333333,6.205504947010742,7.439718170885557,10.152214435418,19.93236111111111,106.53034722222222,132.91236111111112,0.7699260300970701,10.542410178864975,6.205504947010742,49.090931372549015,1.765486111111111,23.041597222222222,2.7795893158257186,0.8063569738345067,2.1647761506018366,0.6731512150597176,0.5787939111321889,0.39253062929274174,0.6152310153436847,1.773819444444451,22.97826388888889,40.36259810360146,115.6061111111111,7.318573509221352,251.59484258777005,0.0,0.0,0.0
train/sample_0205.jpg,20.606,142.10840277777777,122.56493055555555,89.04104166666667,4.604027398073991,7.498811433276532,9.17823794051479,19.059652777777778,95.5657638888889,142.171875,2.3649018987154524,9.436114584098855,5.150159176174126,52.47614379084967,2.46875,21.065625,2.6059519204301966,1.2963607581525205,1.8528316237698628,0.7198545320180962,0.6207411718561836,0.4510965290021008,0.6582395023226146,2.6697499999999934,20.891291666666678,36.549627302020625,124.71875,6.706303717295476,208.85939581404318,0.0,0.0,0.0
train/sample_0206.jpg,20.606,139.1052777777778,120.70458333333333,86.20076388888889,4.498922701980436,5.3018163652499455,7.327500481429618,19.591666666666665,97.14361111111111,139.1052777777778,0.9948129360727821,8.742183064753377,4.498922701980436,51.637309368191715,1.8191666666666666,21.64875,1.9651865063238512,1.0407365847748837,1.9134643084526615,0.7045088770715513,0.6109799266716947,0.4367699102090543,0.6473205385141863,1.9781666666666726,21.547416666666656,37.48114241567386,122.205,5.173938699546668,142.20334316647376,0.0,0.0,0.0
train/sample_0207.jpg,20.909,141.2836111111111,121.70041666666667,83.38472222222222,6.686126454073846,7.771134254673971,10.656957296138469,19.817569444444445,104.82798611111112,141.2836111111111,1.1837955356299992,11.443851216547579,6.686126454073846,52.05582788671024,1.836875,23.85159722222222,2.8737369180519465,1.3026633874649531,2.6041881767630164,0.7152345129856249,0.6161058564449582,0.42238362341647473,0.6524772350303906,1.8902083333333275,23.787930555555544,38.15000398197332,123.06326388888888,7.622414710162128,277.1136544704861,0.0,0.0,0.0
train/sample_0208.jpg,20.909,145.86444444444444,125.25236111111111,89.1,5.990393904895243,7.252369917839712,9.63270615028749,19.180625,99.51263888888889,145.8645138888889,0.9782067768440118,9.874896974576071,5.990911325807908,53.60307734204793,2.512777777777778,22.64840277777778,2.6551556013328432,1.0551345651703787,2.159778526195338,0.7385292198294291,0.6342394811627814,0.4512298672644801,0.672203356998875,2.6314444444444476,22.577069444444437,36.29873325982194,127.14909722222222,7.034907447586172,227.36684257330245,0.0,0.0,0.0
train/sample_0209.jpg,20.909,136.22618055555554,118.34868055555556,83.64652777777778,7.1605804094878795,8.35566289564962,10.972677007980332,19.84840277777778,98.860625,136.22618055555554,1.096397613395416,10.792735707586262,7.1605804094878795,50.610239651416116,1.7214583333333333,21.64847222222222,3.11115687308819,1.0372830889382234,2.4362791299907314,0.6893095607156691,0.5990740725117466,0.42357462081506825,0.6341345833619961,1.5554583333333365,21.628805555555555,38.38849432178701,119.72569444444444,8.199891992240726,325.36172742573297,0.0,0.0,0.0
train/sample_0210.jpg,21.212,139.62319444444444,121.91548611111111,90.20520833333333,6.1786451963353874,7.2343516304988,9.336854281463319,19.28048611111111,90.55895833333334,139.62319444444444,0.8273164699640131,8.727247976781534,6.1786451963353874,52.06192810457516,1.9290972222222222,19.803125,2.6881068474801384,0.9490714857123692,1.705523285921199,0.7075762669108199,0.6178066146628649,0.45622472237816586,0.6531551292374653,1.767097222222216,20.051125000000006,36.3247421867723,123.68104166666667,7.075633189053942,230.99254436728395,0.0,0.0,0.0
train/sample_0211.jpg,21.212,137.6748611111111,121.2767361111111,77.656875,6.750749442562464,6.356865309982262,9.359396716724113,21.940277777777776,111.58631944444444,137.6748611111111,0.9582477820109375,8.48147779695153,6.750749442562464,51.47173202614379,-0.06305555555555556,26.241805555555555,2.5070085823368866,0.7362982466532779,1.9888933455490108,0.6977037677702568,0.6138315027894002,0.39273471386595776,0.644814821486472,-0.17038888888889928,26.49613888888889,39.73802725812653,121.24111111111111,6.764145991006871,214.87861099054786,0.0,0.0,0.0
train/sample_0212.jpg,21.212,129.60729166666667,112.7767361111111,77.105625,6.028878617715887,7.000819429206923,9.246043990295881,20.350416666666668,103.60798611111112,129.60729166666667,1.028408880936423,9.891593237572499,6.028878617715887,48.30049019607843,1.1475694444444444,22.133958333333332,2.6374836856405692,1.0985285275007768,1.9955261485069546,0.6562449894091933,0.5710281949885202,0.3905117052113387,0.6055053651725901,1.1775694444444456,22.06262499999999,40.62429988841824,113.70458333333333,6.891396092532099,234.27102256462192,0.0,0.0,0.0
train/sample_0213.jpg,21.515,145.5692361111111,125.95631944444445,88.05472222222222,6.27037219565373,7.414435642579247,10.176009637625649,19.682708333333334,100.98013888888889,145.5692361111111,1.2018300390272458,10.22968963266751,6.27037219565373,53.68221677559913,1.7810416666666666,23.555138888888887,2.7442646927264938,1.1872770075716677,2.4369866941320266,0.736911419197382,0.6375770391542819,0.4460145618801113,0.672902380542743,1.8353749999999989,23.442805555555548,36.59771852672774,127.57875,7.25613101634672,266.70437343749995,0.0,0.0,0.0
train/sample_0214.jpg,21.515,138.65916666666666,121.69277777777778,85.79576388888889,5.280080426049464,6.539404326895118,9.271829877514927,20.602222222222224,97.59777777777778,138.65916666666666,0.8685687816143385,9.70928939816348,5.280080426049464,51.76437908496732,1.0196527777777777,22.2,2.4331595925818794,0.7286516402026841,2.1221058723196005,0.7028879103499084,0.6168593445684657,0.43353235427214953,0.6493508090699793,1.015986111111103,22.216333333333335,37.544171325334894,122.75319444444445,6.405145788606413,191.1031315538194,0.0,0.0,0.0
train/sample_0215.jpg,21.515,142.25472222222223,122.45416666666667,89.31791666666666,4.7535051313687005,7.55790494008266,8.619827666088765,18.886666666666667,95.16375,142.31604166666668,2.1656574572682983,8.695368648740184,5.190955638675919,52.48415032679738,2.6441666666666666,20.93625,2.623163301299462,1.4258698612114329,1.5626606028572625,0.720112998163569,0.6197115027766719,0.45194970685665325,0.6579256772146815,2.6371666666666616,20.94458333333334,36.50770915930755,124.67979166666667,6.732232373765407,214.2671201340664,0.0,0.0,0.0
train/sample_0216.jpg,21.818,134.1588888888889,118.56770833333333,84.10048611111111,6.037731259788973,6.586159648454458,8.747894971383836,20.67791666666667,95.43888888888888,134.16097222222223,1.5203749880100101,9.318269921020185,6.035893025090817,50.48747276688453,0.6338888888888888,21.263055555555557,2.460620053618048,1.3307752080351465,1.820171419650792,0.679324495695393,0.5998346126994512,0.4259927673386046,0.6325486849920514,0.8025555555555556,21.175055555555563,38.24315471687235,119.32138888888889,6.50009942350362,217.78666172839507,0.0,0.0,0.0
train/sample_0217.jpg,21.818,137.16229166666668,118.60229166666667,88.84555555555555,5.909324813230828,8.148855255215913,9.211890397271587,18.610833333333332,90.15659722222222,137.17909722222223,1.7497442273403672,8.857537096795024,6.022591198193619,50.96173747276689,2.471388888888889,19.045416666666668,2.901361621392692,1.2305772195233733,1.5665402763733844,0.6943613612279199,0.6007054945425998,0.44979473730988306,0.6389018855597383,2.4193888888888964,19.104416666666665,37.09272656207411,120.92534722222223,7.494640438079961,258.90667013406636,0.0,0.0,0.0
train/sample_0218.jpg,21.818,136.1521527777778,115.97854166666667,81.73923611111111,8.07117484763542,8.793133248035561,11.313855295110194,18.948125,102.28611111111111,136.15284722222222,1.4372101005990388,11.482018617962458,8.070697096010084,49.925326797385615,2.772986111111111,21.80763888888889,3.2814849416691887,1.5657996625176644,2.219690289366937,0.6896957726232228,0.5870052553439172,0.4136859222544817,0.6257372625604964,2.765986111111106,21.897638888888892,39.18559456874867,118.12034722222222,8.658419306053313,352.5602384066358,0.0,0.0,0.0
train/sample_0219.jpg,22.121,143.1013888888889,120.21854166666667,85.17722222222223,6.143616674953756,7.891984547341588,10.325782620624825,18.192222222222224,103.55222222222223,143.1013888888889,1.0678355863643667,9.88962253832843,6.143616674953756,51.85503812636166,3.7314583333333333,22.60965277777778,2.8811242958551118,1.0397832765306325,2.2098085994274244,0.7251759572072072,0.6085094240298843,0.43082262030207236,0.6498295394356769,3.6651249999999864,22.66998611111111,37.96759122179825,122.98131944444444,7.6082465079499775,262.25404335937503,0.0,0.0,0.0
train/sample_0220.jpg,22.121,136.70944444444444,118.49729166666667,78.47159722222223,6.516529812904044,7.322538903840594,9.91265459198474,20.73472222222222,108.93381944444444,136.71013888888888,1.3060925314147531,10.967590924611539,6.51615577559529,50.63371459694989,1.1303472222222222,24.621041666666667,2.724903007210037,1.3799742918269873,2.216150070990856,0.6924299443584336,0.5998536610470934,0.3972943686414816,0.6347104447448555,1.194013888888885,24.56470833333334,39.6966739440553,119.32166666666667,7.207924073160347,254.30422500000006,0.0,0.0,0.0
train/sample_0221.jpg,22.121,132.6625,116.19402777777778,77.775,5.769374063391173,7.258930736938762,9.335740017088382,21.033402777777777,105.7376388888889,132.66305555555556,1.0793173403143779,9.843754364098052,5.774579984458629,49.573502178649235,0.5960416666666667,23.67625,2.6678149659244665,0.9894293520551799,1.8685384495642576,0.6713451446558067,0.588488074034682,0.3938227261832827,0.6219084606436688,0.7493750000000027,23.46491666666667,40.132013334540545,116.7995138888889,6.972596143899215,233.25847738715277,0.0,0.0,0.0
train/sample_0222.jpg,22.424,141.20493055555556,121.6204861111111,83.84118055555555,7.506970140450443,9.033121755660781,11.939005227761964,19.860902777777778,104.09409722222222,141.20493055555556,1.0938714460793166,11.21584165571684,7.506970140450443,52.018246187363836,1.9130555555555555,23.576805555555556,3.3273058832797884,1.0079939358405674,2.5362791679440404,0.7147686560028796,0.6160037047417092,0.4245166055127422,0.6525568094857028,1.9390555555555518,23.486472222222236,38.055299144627995,123.28854166666666,8.821541301202384,342.31442469135806,0.0,0.0,0.0
train/sample_0223.jpg,22.424,139.24048611111112,118.89027777777778,81.70583333333333,7.054983446498341,7.983884109780022,10.748171388400761,19.43576388888889,105.73784722222223,139.24048611111112,0.9858224709609046,11.139966129461694,7.054983446498341,51.02742374727669,2.4808333333333334,23.31736111111111,2.989497543199278,1.0571420460636098,2.3903402204704594,0.704749871918811,0.6022464656425219,0.4135336126018365,0.6400516023707086,2.5631666666666715,23.205027777777772,38.85536671662045,120.80715277777777,7.873890853390298,297.2161704812886,0.0,0.0,0.0
train/sample_0224.jpg,22.424,139.55118055555556,117.25472222222223,81.36305555555556,6.055095879199129,7.299418160263228,9.707399617314243,18.654375,106.64479166666666,139.55125,0.9024205249324148,10.47955718084489,6.054980603120647,50.651606753812636,3.5180555555555557,23.124444444444446,2.6844549664846533,1.072163750564573,2.114450867042269,0.7062175662507387,0.5940848365706205,0.41265642953788656,0.6352438803803853,3.313722222222232,23.19044444444445,39.2269874210177,119.83506944444444,7.101170139933882,246.38095486111112,0.0,0.0,0.0
train/sample_0225.jpg,22.727,140.49083333333334,116.91131944444444,80.40430555555555,6.593772261679043,7.85481873920289,10.356352495823272,18.359305555555554,109.43979166666666,140.49083333333334,0.9777721649933806,10.651570695907312,6.593772261679043,50.59468954248367,3.9900694444444444,23.664166666666667,2.885102913881861,1.147811320954277,2.0967552644237926,0.7115249235672769,0.591786252608253,0.40711659192572824,0.6341568264745544,4.0504027777777765,23.523166666666675,39.59744230361932,119.91041666666666,7.605162891363121,261.15894478684413,0.0,0.0,0.0
train/sample_0226.jpg,22.727,149.04618055555557,113.36979166666667,75.92284722222222,4.746916323099793,7.49375600905634,11.319989949151228,15.360347222222222,125.35243055555556,149.04638888888888,2.221066408404719,13.505432073106707,4.748910783173757,50.508306100217865,9.161666666666667,26.13458333333333,2.640621539949859,1.1828531889742981,2.9353352247987696,0.754897363517621,0.5742054876391367,0.38452201881120474,0.6334560308256103,9.203666666666669,26.11858333333334,41.963440797051625,119.68569444444445,6.999540922721863,211.11723205536265,0.0,0.0,0.0
train/sample_0227.jpg,22.727,140.12222222222223,119.43493055555555,80.11777777777777,6.298351244180029,7.406833509271981,9.967064682998599,19.72659722222222,109.58020833333333,140.12222222222223,1.0439180092287452,10.289994328954927,6.298351244180029,51.27429193899782,2.120833333333333,24.60048611111111,2.7333822422340117,1.2540420757605295,2.034640914899943,0.70930602074879,0.6046134131374117,0.40583977923252573,0.6424286992558332,2.049166666666675,24.557819444444448,39.22478435082745,121.01243055555555,7.257413713894359,251.74409010416667,0.0,0.0,0.0
train/sample_0228.jpg,23.03,135.17618055555556,118.87298611111112,79.996875,7.050532042230061,7.797002146467601,10.640700358681448,21.18263888888889,104.43020833333334,135.17881944444446,1.282187251292317,11.207821733600007,7.050662596573849,50.569308278867105,0.46368055555555554,23.700625,2.928026990023898,1.1748228273799521,2.2198034568746796,0.6849079900871261,0.6028571786792168,0.4050549883626532,0.6345331783858673,0.32101388888889926,23.684625000000008,39.258828684337196,119.36729166666667,7.766069336717792,278.0437484375,0.0,0.0,0.0
train/sample_0229.jpg,23.03,135.75354166666668,116.96069444444444,76.26729166666667,9.707851631019995,10.375009213702759,13.659953113164201,20.656458333333333,112.33222222222223,135.75493055555555,1.5546860029305358,13.245451653537023,9.705890786908993,50.05923202614379,1.427361111111111,25.144583333333333,3.881108662063015,1.7700443285845475,2.7279797355369046,0.6873527441072327,0.5921800618594515,0.3862182571031167,0.6275975558392564,1.461361111111117,25.153250000000003,40.47725668152949,117.99375,10.358388433414728,415.6961422839506,0.0,0.0,0.0
train/sample_0230.jpg,23.03,149.95118055555557,115.26069444444444,81.49659722222222,4.476595618157659,7.851385904976274,9.729043836711757,14.981388888888889,116.63451388888889,149.95638888888888,1.4483470516763004,11.309249676081082,4.513241415101403,51.16998910675382,9.01875,23.856041666666666,2.6780324283129318,1.6244002632595753,2.1072061277745364,0.7599724659618584,0.5838566308364768,0.41295951758008564,0.6417556604062291,9.12508333333334,23.797375000000013,40.26701871177856,121.85576388888889,6.9249720296126975,222.33104621913577,0.0,0.0,0.0
train/sample_0231.jpg,23.333,133.97847222222222,110.9817361111111,74.29166666666667,6.096830497097438,7.075692921491994,9.500646907798338,18.51965277777778,113.91916666666667,133.97847222222222,1.0577241771805819,11.673164589252275,6.096830497097438,48.194308278867105,3.7439583333333335,23.825972222222223,2.65488978549666,1.3570027832762337,2.387058370860474,0.6784647633966274,0.5616655167217178,0.3760771879972529,0.6042267241798445,3.8632916666666635,23.75197222222221,41.73810286198958,113.59854166666666,6.851541642087851,247.77225692515432,0.0,0.0,0.0
train/sample_0232.jpg,23.333,135.09965277777778,116.06673611111111,78.35777777777778,5.903600586035951,6.971294648001005,9.505125550375377,19.789236111111112,107.35097222222223,135.09965277777778,0.8971146494464943,10.21631384107072,5.903600586035951,49.78771786492374,1.8509722222222222,23.632083333333334,2.612426588986108,0.911660054397444,2.137671005180378,0.6841354742513117,0.5868961577595705,0.39658759883478983,0.6235068889103522,1.9853055555555528,23.64575,40.02360965176449,117.50625,6.824829248474524,223.51428819444445,0.0,0.0,0.0
train/sample_0233.jpg,23.333,136.65013888888888,120.82916666666667,78.6301388888889,5.916815724191498,5.799375864407257,8.840013667828295,21.86,108.61736111111111,136.65013888888888,1.0342657083919473,8.810716563912818,5.916815724191498,51.23145424836601,-0.24027777777777778,25.452222222222222,2.2805937136954775,0.7869878797284657,2.074533563520446,0.6924709450781601,0.6119791666666666,0.3984938325829948,0.6425560301013215,-0.17127777777777517,25.480888888888888,39.518409612568426,120.65458333333333,6.122067878108398,184.4787791232639,0.0,0.0,0.0
train/sample_0234.jpg,23.636,133.21729166666665,123.1913888888889,80.72805555555556,6.25314973064144,6.808290147875308,10.089898226401342,24.169166666666666,100.83791666666667,133.21729166666665,0.7895106606838123,10.002963788228172,6.25314973064144,51.6380174291939,-2.756736111111111,24.59125,2.6006936445040822,0.6941644956559799,2.2689341829125165,0.6747217724848519,0.6227994342285017,0.40800250455565196,0.6463126785742529,-2.7347361111111055,24.58591666666666,38.69640302610993,121.43194444444444,6.944428749982265,223.16777580536262,0.0,0.0,0.0
train/sample_0235.jpg,23.636,138.7863888888889,116.60416666666667,81.94701388888889,7.474590903996112,8.579018939961635,10.733975691173807,18.297708333333333,104.798125,138.7863888888889,1.1600025255898696,10.877576800001934,7.474590903996112,50.35130718954249,3.451875,22.425694444444446,3.180136118333468,1.266245801106343,2.349652649500021,0.7027075910776863,0.5902663528141268,0.41495450553320967,0.6310245799585856,3.45254166666666,22.464027777777773,39.165159023808606,119.31645833333333,8.325708592528827,342.18704856770836,0.0,0.0,0.0
train/sample_0236.jpg,23.636,134.52791666666667,118.341875,82.03111111111112,6.5185354177953,7.209262702009803,9.64840970712472,20.776805555555555,99.95631944444445,134.52791666666667,0.7187302198029037,9.012959515680539,6.5185354177953,50.40403050108932,0.7623611111111112,22.36826388888889,2.7354342794632602,0.7172865401705769,1.8935947698979516,0.6812471409593548,0.5993065848067334,0.4155143050429258,0.6319897222741244,0.6820277777777827,22.37759722222222,38.809384625265814,119.11555555555556,7.211900444729625,231.89523609182103,0.0,0.0,0.0
train/sample_0237.jpg,23.939,146.68,125.99340277777777,79.03368055555555,4.871968002996111,6.46042639880974,10.29131465298913,20.864722222222223,117.918125,146.68,1.4881121263594568,11.735417870510972,4.871968002996111,53.67941176470589,1.189861111111111,28.44215277777778,2.3628359260785397,0.9116118098297037,2.713697422131136,0.7431940590414007,0.6373066622828464,0.4003773116017161,0.6723571365418055,1.2728611111111094,28.525152777777777,39.251611281190705,126.88951388888889,6.307585912333955,184.65944444444443,0.0,0.0,0.0
train/sample_0238.jpg,23.939,135.95104166666667,116.92756944444444,80.43888888888888,6.530231429745655,8.775872285430635,11.537481859327189,19.593541666666667,104.63527777777777,135.95708333333334,1.4077168121695565,11.319950673752013,6.576343744711588,50.109449891067534,1.8403472222222221,22.88451388888889,3.1951565631610745,0.9398566034200558,2.1618367094071727,0.688342278254559,0.5926284542131968,0.4076370788421181,0.6287887548580263,1.7396805555555674,22.955180555555557,39.39485487640508,118.54763888888888,8.36625712693814,301.5831143470293,0.0,0.0,0.0
train/sample_0239.jpg,23.939,132.08972222222224,112.12361111111112,72.87333333333333,8.38824441508999,9.197976725821972,12.291886890683173,19.982847222222222,115.00201388888888,132.09090277777779,1.2869743604425483,12.430978724756315,8.386505398322507,48.3014705882353,2.1460416666666666,24.728680555555556,3.4622327467884566,1.329783670141501,2.4925856015969803,0.6686213932749082,0.5672616347343528,0.3691483685337404,0.604933769467651,2.11904166666668,24.799680555555554,41.871142317245784,113.63201388888889,9.175022864023973,373.3117023099922,0.0,0.0,0.0
train/sample_0240.jpg,24.242,147.78805555555556,118.84263888888889,80.68180555555556,3.802513291265139,5.639539355955992,8.212871135938064,17.156388888888888,115.91534722222222,147.78847222222223,0.7680156710561813,10.019002113566874,3.80691700859612,51.913562091503266,6.039930555555555,25.213333333333335,1.995063104242536,1.0969034676760263,2.1105331080084957,0.7488867418541709,0.6016485679972774,0.40835695285655643,0.6508529422369063,6.169930555555551,25.213333333333335,39.59711733517239,123.1776388888889,5.259037193530019,132.2474600646219,0.0,0.0,0.0
train/sample_0241.jpg,24.242,138.7017361111111,116.01361111111112,78.29097222222222,6.5643606177033496,7.760733303259077,10.374751758708605,18.851319444444446,111.47291666666666,138.7017361111111,0.8698928306659967,10.899017022126719,6.5643606177033496,50.176116557734204,3.370486111111111,23.96375,2.8702889684263035,1.109005328775089,2.129180161405376,0.701673824965403,0.5876913924006459,0.39701237264079453,0.6294074684419521,3.4491527777777744,23.909416666666655,40.01460724701233,118.55159722222223,7.590215115820942,278.2285937451775,0.0,0.0,0.0
train/sample_0242.jpg,24.242,136.55270833333333,119.31069444444445,80.63388888888889,5.941742603388994,6.8759037439107304,9.266763571967871,20.73840277777778,104.71493055555555,136.55270833333333,1.2432474072154314,10.761282160837398,5.941742603388994,50.92992919389978,0.8420833333333333,23.666180555555556,2.5502773730536727,1.229693319377731,2.303836322470202,0.6916080560231088,0.604062981858358,0.40822187046118574,0.6385795037964835,0.8907499999999955,23.64451388888888,38.95219453302848,119.9973611111111,6.687186647498906,233.3177309992284,0.0,0.0,0.0
train/sample_0243.jpg,24.545,136.6275,110.16847222222222,71.18402777777777,5.197768685267696,7.423411195469521,10.625703657709153,17.915694444444444,122.74111111111111,136.6275,0.9031447010753267,12.647877682699697,5.197768685267696,48.2200980392157,5.041458333333333,25.747291666666666,2.686080446968243,1.1386593412808377,2.533352444760697,0.692234616586305,0.5575910717157777,0.360692095309838,0.6045470859514048,5.09179166666666,25.76995833333333,42.811136812828394,113.73541666666667,7.014864859215432,230.06757482638886,0.0,0.0,0.0
train/sample_0244.jpg,24.545,130.4625,109.94458333333333,71.26333333333334,7.514207607740799,9.021393467982385,12.047842822127487,19.605694444444445,116.4725,130.4625,1.0332369933433871,12.641579075723245,7.514207607740799,47.45822440087145,2.4219444444444442,24.489930555555556,3.3592753912957827,0.9811510231594897,2.5692700532035517,0.6614381415597189,0.5563480952340791,0.3603070674385486,0.5949104684436972,2.5659444444444497,24.575263888888895,42.529941228097826,111.66895833333334,8.844823204905888,325.77496585165886,0.0,0.0,0.0
train/sample_0245.jpg,24.545,133.68847222222223,113.89506944444445,72.71208333333334,7.101264003236673,8.723485422228755,11.551636180103882,20.257986111111112,116.98125,133.68847222222223,1.1893211648417834,11.746668964894239,7.101264003236673,48.956427015250554,1.8336805555555555,25.677847222222223,3.2241907280046735,1.2115378465036915,2.5051687299556966,0.6767620222378214,0.5766430199603291,0.36797302654329844,0.6137866685022088,1.8476805555555513,25.696513888888884,41.73020040515703,115.06791666666666,8.480597043562309,322.7402772955247,0.0,0.0,0.0
train/sample_0246.jpg,24.848,127.55708333333334,108.88229166666666,71.5573611111111,7.842047801134681,8.915122468993754,11.572166739045041,20.043333333333333,112.47541666666666,127.55715277777777,1.291988132040389,12.28159558462045,7.842100427534776,46.852641612200436,1.8552083333333333,23.641111111111112,3.348374435919803,1.3852173258844822,2.3388515436448456,0.6460309247022834,0.5515056594662677,0.36231819849135405,0.5878056237057834,1.998208333333334,23.547444444444434,42.63302249099182,110.24604166666667,8.740849478704858,334.1900639998071,0.0,0.0,0.0
train/sample_0247.jpg,24.848,132.47416666666666,111.71881944444445,70.23791666666666,7.220910943995016,8.123048910741232,10.982204347322856,20.205416666666668,120.4017361111111,132.47416666666666,1.1761630620842891,12.677689711866385,7.220910943995016,48.170370370370364,2.267361111111111,26.079444444444444,3.054958376433563,1.4393927086096987,2.4997932630569055,0.6702790085019757,0.5655942689576886,0.3555804087473485,0.603688170986097,2.2053611111110993,26.092111111111105,42.6494427583144,113.269375,7.956837094839848,307.08040733024694,0.0,0.0,0.0
train/sample_0248.jpg,24.848,132.43354166666666,116.00215277777778,80.98291666666667,4.584305952672491,6.791829922699587,7.837400528785555,20.514027777777777,99.254375,132.46847222222223,1.7988647343703978,8.542415513414623,4.818567145175294,49.57655228758169,1.0118055555555556,21.753055555555555,2.4144031465103026,1.2634826499148306,1.5440716726392314,0.6704839441877419,0.5870316625732651,0.41027274538810193,0.6215950493410539,1.229472222222229,21.588055555555563,39.30084593219897,116.93930555555555,6.154272189659276,192.7499381944444,0.0,0.0,0.0
train/sample_0249.jpg,25.152,122.50361111111111,102.80020833333333,63.60819444444444,7.1774909159663345,7.97891404898174,10.643821346258528,20.053125,122.96534722222222,122.50534722222223,1.3066166916198736,12.867583376951728,7.17648352967225,44.54479847494553,2.19,25.04375,3.0217315120775208,1.4347899575276593,2.304832446007012,0.6203457854583981,0.5201693836072763,0.32195758625906373,0.5585229672268269,2.3870000000000027,25.002416666666658,45.342379122574386,104.30958333333334,7.828561833564607,314.434012654321,0.0,0.0,0.0
train/sample_0250.jpg,25.152,135.3827777777778,115.839375,79.91090277777778,5.962639055500787,7.333643338026482,8.992221516183127,19.315694444444443,104.90284722222222,135.3827777777778,0.8177226614691219,8.770519920225942,5.962639055500787,49.776143790849666,2.2018055555555556,22.77423611111111,2.710992124471196,0.8462972067727496,1.645681250298756,0.6855101866292194,0.5861347567372466,0.4042362433135318,0.6237029648156429,2.2701388888888836,22.797569444444438,39.67743295001735,117.60743055555555,7.047526186003121,239.7496432822145,0.0,0.0,0.0
train/sample_0251.jpg,25.152,154.4490277777778,116.66298611111111,82.01409722222222,3.8071988316440617,5.884722874134947,8.528254259387602,14.367083333333333,119.70416666666667,154.4490277777778,0.6441832414857863,10.477972098910683,3.8071988316440617,52.09575163398692,10.335138888888888,24.686041666666668,2.0455488372827753,1.2026192399364948,2.2411491716025957,0.7800455948372615,0.5892070005611673,0.4142126122334456,0.6511968954248365,10.335138888888888,24.686041666666668,40.27884616572562,124.04993055555556,5.3898122772566355,144.71303819444444,0.0,0.0,0.0
train/sample_0252.jpg,25.455,130.31298611111112,122.71826388888888,84.80229166666666,5.606397459334696,6.1620590703048865,8.96460681256221,24.94333333333333,89.32923611111111,130.31298611111112,1.004702830581094,9.1423164901117,5.606397459334696,51.29221132897604,-3.170625,21.879722222222224,2.3501837049449086,0.8515416727830243,2.035307765576814,0.6605405760835712,0.6211570118487624,0.42867905881877166,0.6427448003005266,-3.121624999999993,21.900722222222225,37.71618223363043,120.65972222222223,6.241453261198741,180.3992777729552,0.0,0.0,0.0
train/sample_0253.jpg,25.455,137.325,117.04763888888888,75.285625,6.416715367780515,7.4203797808342395,10.504417802018533,20.23361111111111,115.54048611111111,137.325,0.773615798908511,10.854864490035952,6.416715367780515,50.22589869281046,1.8285416666666667,25.870277777777776,2.7905009164599015,0.9035297055545238,2.2741860401167115,0.6959378077642316,0.5928974412226389,0.380948716435029,0.6298594558884761,1.8455416666666626,25.906277777777778,40.736523508243664,118.20791666666666,7.419360454150419,253.25017148437502,0.0,0.0,0.0
train/sample_0254.jpg,25.455,134.02194444444444,112.39666666666666,71.13777777777777,8.250610522676748,9.495058071321605,12.579250576314768,19.59027777777778,120.36555555555556,134.02194444444444,1.1407429014830959,13.218200088525194,8.250610522676748,48.574074074074076,2.531597222222222,26.024444444444445,3.5354572138475784,1.2299396796379243,2.812933862283336,0.678455860060736,0.5693142025481449,0.360281882419939,0.6091397047453091,2.526263888888882,25.960111111111107,42.30142689251777,114.05569444444444,9.338500552728071,389.26675547839505,0.0,0.0,0.0
train/sample_0255.jpg,25.758,130.08666666666667,111.94659722222222,76.4173611111111,5.385718253966165,6.312652271341992,8.343134485088068,19.846597222222222,105.59979166666666,130.08666666666667,0.85692170587057,9.340668989895393,5.385718253966165,48.14109477124183,1.8496527777777778,22.355416666666667,2.376974480863323,0.9294374890778805,1.8442285631275628,0.6586966832243832,0.5671915550601521,0.38707229673753496,0.6039693570473872,1.8919861111111096,22.270083333333343,40.921989307041756,113.24881944444445,6.178881370861354,180.67654969135802,0.0,0.0,0.0
train/sample_0256.jpg,25.758,131.16520833333334,110.41354166666666,72.96819444444445,8.893903847638558,10.185339271115229,13.31455300563675,19.380277777777778,113.97979166666667,131.16520833333334,0.9597308248529596,12.177258857802356,8.893903847638558,47.7463779956427,2.6177083333333333,23.880347222222223,3.7986908236351944,1.035900184722608,2.3314700635467114,0.6635508798259742,0.5592324075277767,0.36938814022843425,0.5986020565246559,2.4870416666666775,23.88501388888889,42.01931810402145,112.33722222222222,10.095593266126647,411.9935067708333,0.0,0.0,0.0
train/sample_0257.jpg,25.758,132.7161111111111,115.82215277777777,77.97916666666667,6.775258616538751,7.975777275183866,10.485909030429365,20.830555555555556,105.6438888888889,132.7161111111111,0.991791153095197,10.373376252529917,6.775258616538751,49.43728213507625,0.9680555555555556,23.41409722222222,2.9941062150683453,0.9574019225790309,2.2549904265608696,0.6720109327063567,0.5864185159619683,0.39489254027629606,0.6199514922518742,1.0187222222222272,23.428097222222217,40.15713177295514,116.70819444444444,7.81261370164174,295.5736881944444,0.0,0.0,0.0
train/sample_0258.jpg,26.061,140.91805555555555,117.69347222222223,79.68548611111112,6.5412224135538795,7.480442028629234,10.00096719835574,18.682083333333335,111.04583333333333,140.91805555555555,1.2332369754024513,10.847169849780531,6.5412224135538795,50.86721132897604,3.551111111111111,24.305069444444445,2.7553274472404037,1.4707420231860624,2.123493419046319,0.7131961783296219,0.5959052518293613,0.403178893819215,0.6373627303569421,3.423111111111125,24.474402777777772,39.604896203417894,120.28916666666667,7.284267245616099,248.0438942708333,0.0,0.0,0.0
train/sample_0259.jpg,26.061,131.58458333333334,112.97868055555556,78.60368055555556,7.615048047834507,8.837461515437827,11.390637008242257,19.465,103.11576388888889,131.58458333333334,1.0402443623175206,10.911073699576434,7.615048047834507,48.5494825708061,2.1554166666666665,21.823541666666667,3.301588199930022,1.1730236777708756,2.0719793839969385,0.6660959135256261,0.5719223281912482,0.39811023265341494,0.6085928786245123,2.173416666666667,21.731875,40.360119706706136,114.7025,8.663723498652939,337.7582825954861,0.0,0.0,0.0
train/sample_0260.jpg,26.061,126.87423611111112,105.85638888888889,65.76638888888888,5.624952108420861,6.7593814036401305,9.109953851809914,19.823333333333334,123.03909722222222,126.87423611111112,1.2673945277177094,12.119328536886306,5.624952108420861,45.87461873638344,2.637777777777778,25.433680555555554,2.514808121541714,1.5534604939208594,2.465803127709492,0.642448904785053,0.5361500262811054,0.3328337151462191,0.5754288706301981,2.6991111111111152,25.45668055555555,44.38287668443649,107.60465277777777,6.424844833101943,201.0561688609182,0.0,0.0,0.0
train/sample_0261.jpg,26.364,136.48895833333333,116.69555555555556,79.81798611111111,6.7327363822374355,7.848457542886558,10.355299038002837,19.352291666666666,106.26041666666667,136.48895833333333,0.9404425810562598,10.748202167170767,6.7327363822374355,50.11168300653594,2.1277083333333335,23.159097222222222,2.939843687451622,0.8811350151540657,2.3615923927377325,0.6915396911717269,0.5906661852522983,0.40442770217813667,0.6281552829329199,2.256374999999994,23.07909722222221,39.54725591804849,118.47013888888888,7.698174205084021,290.38541944444444,0.0,0.0,0.0
train/sample_0262.jpg,26.364,129.70902777777778,110.15444444444445,76.63368055555556,7.14611795540422,7.991221379476512,10.070869241869444,18.98097222222222,104.72902777777777,129.70902777777778,1.2495773282307727,10.313376785585703,7.14611795540422,47.508605664488016,2.7899305555555554,21.53736111111111,3.0172745589314407,1.3103630733756038,2.028407621931518,0.656594993509313,0.5576075615812727,0.38791126450512714,0.5954327433739474,2.882930555555559,21.473027777777773,41.255695321581904,112.2063888888889,7.836695254725177,308.7707036265432,0.0,0.0,0.0
train/sample_0263.jpg,26.364,126.43743055555555,106.76708333333333,68.31881944444444,7.909486326779492,9.619254408837016,11.95185742169372,19.879930555555557,117.70534722222222,126.43743055555555,1.3704064667339568,12.18397395791765,7.909486326779492,46.12230392156862,2.193125,24.38458333333333,3.5507431048079425,1.4076161728008654,2.490066061986219,0.6398245248561439,0.5410238198193329,0.3457815113243602,0.5783631173378312,2.0724583333333353,24.475583333333326,43.64423926063379,108.25972222222222,9.266699036547514,401.1467393470292,0.0,0.0,0.0
train/sample_0264.jpg,26.667,128.6784027777778,107.29326388888889,66.32145833333334,6.113689575588546,7.194618680523597,10.061494840669496,19.853125,124.18916666666667,128.6784027777778,0.83659193619604,11.29548431773576,6.113689575588546,46.465713507625274,2.70625,26.160208333333333,2.724337491798442,1.050378156110138,2.1620688294464374,0.6523719132751209,0.54296012250966,0.3358944241671197,0.5825338017035917,2.8919166666666625,26.081208333333326,44.213057361473915,109.12458333333333,7.089901354410919,193.97045918209878,0.0,0.0,0.0
train/sample_0265.jpg,26.667,129.80520833333333,111.78305555555555,68.469375,7.575419906656311,8.827310311200925,11.991607291880172,21.266319444444445,121.35402777777777,129.80520833333333,0.7730560265449271,12.545797122688553,7.575419906656311,47.92663398692811,0.7689583333333333,26.58111111111111,3.3158860276624673,0.9325265998216887,2.568576970682597,0.6569222470765265,0.5658946450669367,0.34683550448723904,0.6007831805043031,0.840958333333336,26.49411111111112,42.986578772694315,112.38090277777778,8.722813910563817,340.22768807388115,0.0,0.0,0.0
train/sample_0266.jpg,26.667,119.95243055555555,101.80965277777777,65.14715277777778,5.23036284413348,7.224645600035179,9.494878675369382,20.145555555555557,116.96784722222222,119.96055555555556,1.408035361859404,11.843628482999037,5.287075406878915,43.977151416122005,1.8546527777777777,23.473819444444445,2.6774733702815845,1.108452006926304,2.0513567652923768,0.6073335780508112,0.5153918789320778,0.3294303249835797,0.5512537598184036,1.897652777777784,23.551152777777773,45.155447720501506,102.99708333333334,6.821462644049784,221.50474149305558,0.0,0.0,0.0
train/sample_0267.jpg,26.97,126.98138888888889,108.09083333333334,61.11152777777778,7.391638539133723,8.492117218992524,12.03919203635006,21.262708333333332,133.17243055555556,126.98138888888889,0.72682597522651,13.104523325646992,7.391638539133723,46.52549019607843,0.8304861111111111,28.974027777777778,3.2025572890736544,0.838451639979836,2.579786360514192,0.642405963390422,0.5469694848470025,0.3092615615240756,0.5830424291468794,0.6871527777777661,29.085361111111112,45.42084944347596,108.50493055555556,8.476289028202254,332.9405536265432,0.0,0.0,0.0
train/sample_0268.jpg,26.97,129.60368055555554,106.90923611111111,71.26541666666667,6.2822346792063515,8.92503645960952,10.623544271191022,18.485,115.48326388888889,129.62131944444445,1.5159512964912247,11.447027654583522,6.43227568448966,46.55811546840958,4.004930555555555,23.37472222222222,3.2122016247772454,1.362051402464403,1.8828170178855688,0.6564394265547644,0.5416865115891533,0.36062756707065086,0.5840731897569105,3.960597222222228,23.462055555555555,43.02868919756913,109.5670138888889,8.270065378273511,313.6723611111111,0.0,0.0,0.0
train/sample_0269.jpg,26.97,124.56118055555555,106.90930555555556,66.00416666666666,6.628139193004285,7.712866023439708,10.19744572457077,21.01222222222222,120.09076388888889,124.56118055555555,1.0643154062356912,11.792224284804593,6.628139193004285,45.93502178649237,1.0105555555555557,25.497291666666666,2.911345181252492,1.220382327261157,2.28940637585804,0.6307001665288303,0.5414225947308597,0.33411767286545185,0.5760382481413604,1.1128888888888897,25.460625000000004,44.218490852168564,107.51451388888889,7.54460332602247,270.1892260368441,0.0,0.0,0.0
train/sample_0270.jpg,27.273,135.11916666666667,111.59409722222222,68.80020833333333,5.471196738374489,6.607426893823143,9.345082632114442,19.457291666666666,125.52743055555555,135.11916666666667,1.065811322909371,12.155557613615546,5.471196738374489,48.377805010893255,3.364027777777778,27.20722222222222,2.4392295945281925,1.4739819082658585,2.4328431139890525,0.6841869406852039,0.5649437754460334,0.34826496573042615,0.6063931162210492,3.402694444444449,27.27455555555556,43.16385847729657,113.91805555555555,6.318289729667728,207.99106480999228,0.0,0.0,0.0
train/sample_0271.jpg,27.273,122.79291666666667,105.55208333333333,68.71923611111112,8.333351989562713,8.306510739157245,10.708135120075532,20.481458333333332,112.80715277777777,122.79291666666667,0.9946052181295776,10.206518421196135,8.333351989562713,45.45125272331155,1.3296527777777778,23.215,3.2378579546474002,0.8793991897837319,2.0461406761673713,0.6221636634785415,0.5344887390770819,0.34821643225080334,0.569947354904982,1.3716527777777794,23.145000000000007,43.668938889970015,106.50784722222222,8.530936810547118,336.0131258487654,0.0,0.0,0.0
train/sample_0272.jpg,27.273,127.06395833333333,106.58173611111111,68.48854166666666,7.496481092888481,8.575189488499793,11.270746639762322,19.66951388888889,118.14263888888888,127.06451388888888,1.3255034839329338,13.094997506793451,7.495605502361487,46.20032679738563,2.5504166666666666,24.371875,3.2173575383640647,1.4663209227897933,2.3706774901181262,0.6438986682567407,0.5394640680896247,0.3469876684776092,0.5792370638298571,2.7050833333333375,24.18720833333334,43.60493634309738,108.2370138888889,8.38874109710459,342.63713510802467,0.0,0.0,0.0
train/sample_0273.jpg,27.576,137.93125,110.86041666666667,70.75041666666667,5.163237689424444,7.917971109635359,11.483469391731337,18.00402777777778,124.73569444444445,137.94152777777776,1.6938156791049284,13.566917619136314,5.256086197004511,48.50462962962963,5.131597222222222,26.2525,2.8357079197931183,1.1427799700696035,2.7161542205846856,0.6985700032413598,0.5612077446310181,0.35776441120499736,0.6080017314031193,5.1322638888888825,26.367166666666666,42.83036882470795,114.40833333333333,7.426103546873616,237.1889546248071,0.0,0.0,0.0
train/sample_0274.jpg,27.576,129.7645138888889,109.66166666666666,70.80145833333333,5.400993135250156,7.633386280747686,9.433095437868372,19.999513888888888,116.48444444444445,129.77402777777777,1.4021559935909635,11.035757901889681,5.47202916854948,47.32086056644879,2.3243055555555556,24.710208333333334,2.7541723521085104,1.2595604682993464,1.902186230787412,0.6571797046890738,0.555517093483099,0.3585059437508334,0.593556198293356,2.4736388888888867,24.627208333333336,42.742361651343096,111.34895833333333,7.058227490228651,233.12713510802467,0.0,0.0,0.0
train/sample_0275.jpg,27.576,124.99909722222222,103.22291666666666,60.18118055555556,7.436933863905924,8.906101363282103,11.723090640350586,19.984166666666667,133.0270138888889,124.99909722222222,0.7882994178751784,13.61413810569436,7.436933863905924,44.85394880174292,2.777222222222222,27.4475,3.3141124597288187,1.0156186158393838,2.627344323541253,0.6331600854125053,0.5225427298146026,0.3047292389626289,0.5626094792272986,2.952222222222219,27.386499999999995,46.243026882153515,104.70333333333333,8.671523639028047,334.8118702932098,0.0,0.0,0.0
train/sample_0276.jpg,27.879,131.1220138888889,107.32381944444444,69.96597222222222,8.022168164240586,9.993404178681658,11.464623504953478,18.31597222222222,119.758125,131.1220138888889,1.0499446542586413,10.836994731830034,8.022168164240586,46.78894335511983,4.145972222222222,24.5175,3.65311242541893,1.1667609006254858,1.9155357170601996,0.664315929703205,0.5427769011659499,0.35433104650521574,0.586231581418456,4.291972222222223,24.445499999999996,43.34501852260036,110.24180555555556,9.500738396214395,394.1712811728395,0.0,0.0,0.0
train/sample_0277.jpg,27.879,127.55555555555556,105.56722222222223,65.9017361111111,6.522991152856067,7.8224788665298455,9.53663242958632,19.320555555555554,123.76090277777777,127.55555555555556,0.8424631361682249,10.804229458177947,6.522991152856067,45.938262527233114,3.1674305555555557,25.553333333333335,2.9026053002158245,1.1479850987029996,1.9385891204114856,0.6466345151874621,0.5337077862730922,0.3335485089126695,0.5755053015241882,3.4344305555555517,25.42066666666667,44.4405353708634,107.47958333333334,7.550901332788027,271.3237715277778,0.0,0.0,0.0
train/sample_0278.jpg,27.879,128.0690972222222,105.78069444444445,63.88381944444444,4.341180781063746,6.226117888555722,8.61635488608468,19.813402777777778,128.14215277777777,128.06958333333333,0.8841825031525524,11.146742216101204,4.345881491423794,46.006045751633984,2.9695833333333335,26.863263888888888,2.260968861922534,0.9847686382259202,2.089686423133701,0.6485277444873937,0.5352280840824634,0.3231465931744899,0.5766245437089174,3.0859166666666633,26.963263888888882,44.9803016253315,107.74291666666667,5.847959505840002,168.61190759548614,0.0,0.0,0.0
train/sample_0279.jpg,28.182,136.55145833333333,112.078125,68.6288888888889,6.32960344869316,7.599612149163161,10.56897576709512,19.185902777777777,127.301875,136.55145833333333,0.9274119553856762,11.548090117991467,6.32960344869316,48.68929738562092,3.674513888888889,27.698125,2.8204277557859325,1.2725588448853702,2.279357081853833,0.6915246719660765,0.5687435722646603,0.3476006852290813,0.6111807798080836,3.501513888888887,27.80179166666667,43.195741812598776,114.42784722222223,7.4620848724284565,266.2903428819445,0.0,0.0,0.0
train/sample_0280.jpg,28.182,129.4622222222222,108.04277777777777,68.034375,6.7259625957555125,7.675102464430182,10.416219938337857,19.59340277777778,121.51972222222223,129.4622222222222,1.1100667292220774,12.363854124492123,6.7259625957555125,46.75944989106754,2.8699305555555554,25.487222222222222,2.8912961927232224,1.3173357986058758,2.4120019475659067,0.6558868314320856,0.5473578207122178,0.3444208805969645,0.5864546803879425,2.8759305555555557,25.4618888888889,43.655265096348046,109.97131944444445,7.506817063558498,210.03064370659723,0.0,0.0,0.0
train/sample_0281.jpg,28.182,135.83506944444446,115.81555555555556,80.97381944444444,5.725935694583898,6.698549363873488,8.82773851879955,19.022777777777776,103.25013888888888,135.83506944444446,1.126589275229259,9.419870397942825,5.725935694583898,49.89281045751633,2.619375,22.243402777777778,2.476542432593591,1.1675828062176148,1.8209024255367494,0.6868995324647889,0.5864989444211872,0.4095412806658181,0.6254106674400731,2.447708333333347,22.27606944444445,39.38512818716189,117.90583333333333,6.536512353694438,213.43345693962192,0.0,0.0,0.0
train/sample_0282.jpg,28.485,121.87409722222222,101.95444444444445,63.360347222222224,5.713694187505196,6.710160804681816,9.31035548858712,19.846458333333334,122.70895833333333,121.87409722222222,1.0051782378913507,12.63564524903112,5.713694187505196,44.25307734204792,2.403263888888889,24.714236111111113,2.53683738071493,1.2281774719416068,2.4417247091682253,0.6176751282098931,0.5160264629532152,0.3208492493921936,0.5549161676777576,2.527930555555559,24.729236111111113,45.4791330657584,103.58034722222222,6.537493564177249,223.65852152777774,0.0,0.0,0.0
train/sample_0283.jpg,28.485,125.16777777777777,106.27722222222222,68.75208333333333,7.914309512631692,9.091469326032195,11.894329115344078,20.07236111111111,115.32909722222222,125.16777777777777,0.9656819597447942,12.203930970364704,7.914309512631692,45.86315359477124,1.8777083333333333,23.81277777777778,3.4326895766535515,1.0149454136594407,2.382244053071612,0.6335865969924448,0.538354209090776,0.3482017297293647,0.5752284662186423,1.8077083333333401,23.94311111111112,43.59644453600453,107.77777777777777,8.955696855791821,362.72145925443675,0.0,0.0,0.0
train/sample_0284.jpg,28.485,127.479375,106.2311111111111,65.53152777777778,5.01192934113064,6.793322202222954,9.264357050263833,19.809791666666666,124.36694444444444,127.479375,0.7968697167580897,11.487055110341313,5.01192934113064,46.056563180827894,2.71,25.862569444444443,2.5020970776430884,1.0332983865058318,2.0994547064945017,0.6455414563745928,0.5378645189890793,0.3320635690103749,0.5775112907209016,2.845000000000005,25.842902777777777,44.42996933504587,107.96048611111111,6.472079546218887,205.5008327498071,0.0,0.0,0.0
train/sample_0285.jpg,28.788,130.30479166666666,109.96138888888889,67.74215277777778,6.29390837202825,7.133715586634002,9.842762475206628,20.24041666666667,123.04347222222222,130.30555555555554,1.0399545095552112,11.796594336658142,6.292916849056152,47.43412309368191,2.03,26.44986111111111,2.6841713527900355,1.2076446313198081,2.2179789305278423,0.659846826302428,0.5565457863407199,0.3428668819428393,0.5947438114281655,2.1386666666666643,26.344861111111122,43.44574259264766,111.14951388888889,7.046143037729253,252.3683367283951,0.0,0.0,0.0
train/sample_0286.jpg,28.788,123.084375,105.38791666666667,67.92826388888889,6.925037526849442,8.000872771402491,10.465103706940244,20.364305555555557,114.67625,123.084375,1.327509496083428,11.94936852556321,6.925037526849442,45.434259259259264,1.4968055555555555,23.691180555555555,3.0195141522017903,1.387740295897624,2.4362950003049306,0.6231047566494882,0.5335916931074057,0.34386338875267947,0.5693889280234152,1.4441388888889026,23.69284722222222,43.89801498948732,106.33270833333333,7.811463239541509,299.78962770061725,0.0,0.0,0.0
train/sample_0287.jpg,28.788,122.21180555555556,101.88451388888889,60.725625,6.117336436170334,6.902369493500752,9.392435432803639,20.21201388888889,128.77020833333333,122.21291666666667,1.3187146940303263,13.007937265418933,6.120895435922884,44.199972766884535,2.2756944444444445,26.216319444444444,2.603542450997283,1.5800732458311413,2.3896647389585666,0.6185204460924734,0.5157499618936092,0.30747670846765346,0.5541966604712251,2.1606944444444354,26.162986111111103,46.185019172605394,103.22104166666666,6.746364372627962,246.98750895061727,0.0,0.0,0.0
train/sample_0288.jpg,29.091,124.33659722222222,102.96951388888888,63.02458333333333,6.2529410483732,7.670051864037952,10.426339833632294,19.623194444444444,126.19513888888889,124.33659722222222,0.8446503655177435,12.337194383589724,6.2529410483732,44.796895424836606,2.9616666666666664,25.657847222222223,2.8787202693129057,1.0316128149649946,2.412341147100112,0.6291722329236793,0.5210366160487434,0.31931229396346733,0.5613738000851817,2.9786666666666624,25.53851388888888,45.47146803710333,104.77166666666666,7.48723561952088,267.17461504147377,0.0,0.0,0.0
train/sample_0289.jpg,29.091,126.7376388888889,106.885625,67.45111111111112,8.463134104432058,9.530435982999673,12.288085868881478,20.152291666666667,119.675,126.73777777777778,0.9976717470844649,12.323997029283088,8.464328125568429,46.17284858387799,2.2670833333333333,24.94388888888889,3.589588170139603,1.1993863448308335,2.227303149772759,0.6416879036431964,0.5401073538254749,0.3416353203626042,0.5779935980721672,2.4490833333333355,24.8868888888889,43.85788858662056,108.36368055555556,9.40772586218132,408.3682442081403,0.0,0.0,0.0
train/sample_0290.jpg,29.091,135.52791666666667,120.68041666666667,78.88361111111111,6.994406383655199,6.279360356999249,9.300406697432473,22.079375,106.94236111111111,135.52791666666667,1.258589222740058,8.367074026113702,6.994406383655199,51.07366557734205,-0.5203472222222222,25.033958333333334,2.516608026760612,1.0204178836214632,2.0327935481437853,0.6862879553844362,0.6113042090759889,0.399631245148518,0.640499302748243,-0.5280138888888876,24.92062499999999,39.4277190083645,120.24541666666667,6.787983139649558,214.03899293499228,0.0,0.0,0.0
train/sample_0291.jpg,29.394,145.32180555555556,113.02979166666667,82.11631944444444,5.098071211086048,8.165587596121938,10.262127530561434,14.883958333333334,111.20486111111111,145.32222222222222,1.1653890139430683,11.159828937986887,5.101394749973927,50.129030501089325,8.530902777777778,21.986458333333335,2.847733244130243,1.3796700557633559,2.024817539362086,0.736296231868393,0.5722042365702444,0.41590237493894106,0.6284654165765318,8.648569444444442,21.924458333333323,40.192339989344184,119.08902777777777,7.429435947582319,239.75184704861113,0.0,0.0,0.0
train/sample_0292.jpg,29.394,130.454375,106.30465277777778,67.30361111111111,6.238934784741757,7.6214175931670605,10.019108868329255,18.519166666666667,123.98743055555556,130.454375,1.2552863219202068,12.618011610751898,6.238934784741757,46.37946623093681,4.0925,25.31923611111111,2.8276275174655003,1.530858283229814,2.5941102038670407,0.6603379024787783,0.5380443615508856,0.34065991232288123,0.581344876025565,4.171499999999994,25.29990277777779,44.062858974383765,108.96770833333333,7.300095054437267,265.3486643470293,0.0,0.0,0.0
train/sample_0293.jpg,29.394,130.95479166666667,106.59333333333333,70.398125,6.777196084086273,8.295817888818421,10.40598969268962,17.934791666666666,118.4413888888889,130.95479166666667,1.354205624439497,12.106726012330713,6.777196084086273,46.62641612200435,4.5431944444444445,23.947430555555556,3.0417768035939887,1.6957285605545027,2.2963619314423127,0.6628653345166668,0.5394608765184884,0.35637041743021736,0.5843177293392874,4.581861111111116,23.91843055555556,43.29376927269069,109.75118055555555,7.890850362262733,286.12317204861114,0.0,0.0,0.0
train/sample_0294.jpg,29.697,131.73381944444444,106.14034722222222,69.71041666666666,6.699951958422703,8.108077926192289,10.614306506040352,17.450347222222224,120.64854166666667,131.73381944444444,0.8885263339392022,11.839324391194882,6.699951958422703,46.59084967320261,5.031527777777778,24.260833333333334,3.0233964575488588,1.1065990939739425,2.378788060943826,0.6672003659008747,0.5374693712777839,0.35317454956286193,0.5844397547589649,4.9528611111111145,24.276166666666665,43.539463850748376,109.67138888888888,7.862591689194324,302.86986955536264,0.0,0.0,0.0
train/sample_0295.jpg,29.697,126.6217361111111,106.24770833333334,76.11645833333333,5.243359534510117,5.974270204005764,7.949308580062872,17.927430555555556,101.82993055555555,126.6217361111111,0.9349377924402332,8.979190834966353,5.243359534510117,46.17625272331155,3.6335416666666664,19.858888888888888,2.275387657288073,0.996981533840745,1.766691474319186,0.6414604962162916,0.5379367507750675,0.3855917714305012,0.5787635509680239,3.6175416666666753,19.87922222222223,41.95005033759303,108.90527777777778,5.88916612948024,175.45222719425155,0.0,0.0,0.0
train/sample_0296.jpg,29.697,129.61548611111112,116.72791666666667,76.00618055555556,6.966447098797995,6.7927963145397126,9.733306399544503,22.788541666666667,105.93916666666667,129.61548611111112,0.9817469327329565,9.35120576747007,6.966447098797995,49.38967864923747,-1.211111111111111,24.346944444444443,2.6665611861798926,0.9033203497768594,2.112079438011065,0.6568052780250451,0.5910613436045276,0.3846687253767367,0.6190105519139201,-1.2984444444444445,24.40194444444445,40.534202739415086,115.94881944444444,7.110698511996611,235.0089859375,0.0,0.0,0.0
train/sample_0297.jpg,30.0,150.13006944444444,119.6432638888889,77.94770833333334,4.921419877056404,7.472628045245178,11.82901806403847,17.295972222222222,122.95215277777778,150.13020833333334,1.293428003109128,13.69711048518383,4.92279885509312,52.3422385620915,6.285555555555556,27.357152777777777,2.655407785568407,1.0892720414326778,3.1073184588060374,0.7592270824975024,0.6046070155993294,0.3946606173324985,0.6546202671331414,6.264888888888885,27.46815277777778,40.43540643209163,123.9895138888889,7.102432176321823,239.46299513406632,0.0,0.0,0.0
train/sample_0298.jpg,30.0,132.76618055555556,110.565625,68.81131944444445,7.355835409966373,8.485101258050133,11.53698266846405,19.738055555555555,123.38986111111112,132.76618055555556,0.9621281949825197,12.907247425063423,7.355835409966373,47.84286492374728,2.8977083333333336,26.477916666666665,3.172941759866331,1.3118139576079377,2.633346222278584,0.6726209373946299,0.5598902068085452,0.34825245893158296,0.599928723909372,3.0173749999999937,26.50625,43.196540814439885,112.46666666666667,8.320523487804785,332.814325226659,0.0,0.0,0.0
train/sample_0299.jpg,30.0,130.81270833333335,108.17597222222223,65.294375,7.366666074542887,8.450789272757675,11.676713365757966,19.515555555555554,128.00277777777777,130.81270833333335,0.8976247806927449,12.345556693066486,7.366666074542887,46.95800653594772,3.1775,27.26902777777778,3.173807144578547,1.2140471229184915,2.4763855042975558,0.6617274483981986,0.5476266210828519,0.33058769176244246,0.5886371159089717,3.1648333333333394,27.261361111111114,44.38366108306563,109.91006944444445,8.420982968860828,319.35029072145056,0.0,0.0,0.0
train/sample_0300.jpg,30.303,126.95375,110.741875,67.35180555555556,8.99555136002338,10.017164260294228,13.05591009492006,21.945972222222224,120.29715277777778,126.95375,1.2964686649618864,13.207971822770222,8.99555136002338,47.26898148148148,-0.11270833333333333,26.47361111111111,3.7820320007023853,1.4159330054920207,2.6420737360155586,0.6431142289780384,0.5605575193615333,0.34109376099036365,0.5925634678862901,-0.008375000000003935,26.4596111111111,43.454661458019565,110.49597222222222,9.943136124947117,443.8219323881174,0.0,0.0,0.0
train/sample_0301.jpg,30.303,130.09965277777778,109.56027777777778,68.07263888888889,6.267320435002153,7.5224925634586155,10.566022652963268,20.055972222222223,122.27368055555556,130.09965277777778,0.7757114292380837,11.447690284174657,6.267320435002153,47.27028867102396,2.0009722222222224,26.215138888888887,2.835825304982436,0.7628522132290075,2.47242430119798,0.6577333305246601,0.5544604590014969,0.34457970139045907,0.5922440599705092,1.9956388888888825,26.121138888888893,43.4697712642441,110.91472222222222,7.470522064945629,264.413177425733,0.0,0.0,0.0
train/sample_0302.jpg,30.303,128.74305555555554,103.02875,63.034166666666664,5.689093522524134,8.61993046464365,10.991212367412613,18.41888888888889,130.46555555555557,128.75993055555554,1.5899699119753947,13.115197174025296,5.812815582415985,45.31018518518519,4.914513888888889,26.495694444444446,3.0759357145743533,1.5019377899257673,2.2467527965617458,0.6510186216820137,0.5220681134108729,0.31899020944104073,0.5681644333346995,4.7548472222222085,26.50302777777778,45.663516969270454,106.27819444444444,7.92522148768462,287.5413398871528,0.0,0.0,0.0
train/sample_0303.jpg,30.606,140.61819444444444,110.61395833333333,71.46881944444445,4.552157860225552,7.919898438492398,10.634456575765046,17.221597222222222,125.66472222222222,140.6286111111111,1.5450612012305183,13.024222302675655,4.618109072370209,48.76693899782135,6.637777777777778,26.327152777777776,2.755749125543906,1.4308274822460665,2.4442645915132872,0.7113473437250577,0.5611427655875867,0.36226424950423897,0.6119465312862236,6.42711111111111,26.495819444444443,42.92194497145423,115.25194444444445,7.118334823789918,242.19847770061725,0.0,0.0,0.0
train/sample_0304.jpg,30.606,118.15847222222222,100.37006944444444,63.12569444444444,8.591276124283677,9.891483780710523,12.02936364881877,20.146597222222223,119.4775,118.15847222222222,0.9404318328375467,11.581566741786027,8.591276124283677,43.33804466230937,1.8145833333333334,23.670416666666668,3.745910555299456,0.8695839322789823,1.971494735741274,0.5983868880317136,0.5084259900265657,0.3195854730206732,0.5437263290189828,1.7772500000000113,23.801416666666668,45.81325165357309,101.42715277777778,9.701394456124625,374.08726844135805,0.0,0.0,0.0
train/sample_0305.jpg,30.606,121.96381944444444,103.12555555555555,64.50909722222222,8.0302905282071,9.30382610794616,11.98242001695755,20.166805555555555,120.6667361111111,121.96381944444444,0.9888732735189353,12.898744734893318,8.0302905282071,44.63464052287582,1.9681944444444444,24.53201388888889,3.508243771502884,1.156786528838605,2.4469260988310277,0.6179816042449577,0.5222842910674322,0.3265875513719243,0.5596907280708369,2.0338611111111167,24.439347222222217,45.01786733533839,104.34451388888888,9.111705942377785,380.78932312885803,0.0,0.0,0.0
train/sample_0306.jpg,30.909,120.97402777777778,101.20486111111111,60.84506944444445,8.850134518708334,9.787313428483815,12.64932845695061,20.119097222222223,127.63694444444444,120.97527777777778,1.0600952611771624,13.415620936357442,8.847524759348966,43.91990740740741,2.1689583333333333,25.756875,3.727087637104701,1.1556000237671145,2.377875735220993,0.6127821781119442,0.5121392481788106,0.3078866324261566,0.5502170519150515,2.2642916666666624,25.85420833333334,46.21473878284584,102.40881944444445,9.737179177180156,432.67768633777,0.0,0.0,0.0
train/sample_0307.jpg,30.909,121.74576388888889,101.83513888888889,62.460277777777776,6.322349255688695,8.004333113496456,9.71113078039686,19.996041666666667,124.59902777777778,121.74583333333334,0.961147114671752,11.334218061021474,6.323071456095529,44.190141612200435,2.171736111111111,25.145138888888887,2.9672157055271215,1.0732963437344625,1.9200090372006324,0.6163135853008807,0.5154008780498229,0.31577172009270776,0.5537820373158248,2.13306944444444,25.19313888888889,45.7020190436443,103.20895833333333,7.612235419480747,280.464468441358,0.0,0.0,0.0
train/sample_0308.jpg,30.909,123.60736111111112,102.57979166666667,66.77909722222222,5.463998457848934,6.631000005105227,9.073910664126396,18.847986111111112,117.39291666666666,123.60736111111112,0.9154629064797826,10.994704778197942,5.463998457848934,44.68450435729848,3.315,23.235208333333333,2.5097107455582277,0.9757888546652339,2.108124979411668,0.6264394466668469,0.5193203545169353,0.3377919158605627,0.5600855576800927,3.3270000000000004,23.286541666666665,44.56580793474696,104.84333333333333,6.470040786407593,207.22178818962192,0.0,0.0,0.0
train/sample_0309.jpg,31.212,132.12541666666667,110.751875,72.3554861111111,7.461323876702611,8.975601377929005,11.900686449030564,19.32347222222222,116.08430555555556,132.12541666666667,0.9792027081624882,11.927744422887152,7.461323876702611,47.91021241830066,2.7997916666666667,24.401458333333334,3.354319628314916,0.9260054361116534,2.5074911290277333,0.669112545599106,0.5608257798258052,0.3663933764431113,0.6007545222984226,2.6601249999999963,24.546791666666675,42.13201785292333,112.73881944444445,8.792479030124408,355.62436093749994,0.0,0.0,0.0
train/sample_0310.jpg,31.212,126.80222222222223,104.6926388888889,62.98722222222222,8.212535848428827,9.574675871081164,12.607172916662433,19.465972222222224,129.23361111111112,126.80222222222223,0.7225209718643892,12.910310619548468,8.212535848428827,45.57633442265796,2.9427777777777777,26.70777777777778,3.5889082286594736,0.9528046643436743,2.382114036722553,0.6424833245508551,0.5292416309854202,0.31861505292218595,0.5704937361566308,3.0841111111111132,26.623777777777775,45.275645503559424,106.46756944444445,9.458920154081467,382.9208984375,0.0,0.0,0.0
train/sample_0311.jpg,31.212,117.27763888888889,98.5032638888889,57.96791666666667,8.661585047568972,9.034731774431105,12.823348868968582,20.582361111111112,129.85368055555554,117.27763888888889,1.7795973273128491,13.10909540307108,8.661585047568972,42.68556644880175,1.7797222222222222,25.72173611111111,3.5325000907438784,0.8889475241077417,2.5432098675419326,0.5944670009878695,0.4986345655639137,0.2933025082811056,0.5349489096614038,1.7853888888888922,25.810402777777778,47.26719723332936,99.46597222222222,9.309185004267174,413.1476381944445,0.0,0.0,0.0
train/sample_0312.jpg,31.515,127.33444444444444,102.40263888888889,58.981180555555554,6.673961194425141,8.129795592117295,10.930067792087174,19.023263888888888,137.38291666666666,127.33458333333333,1.2120118317749808,14.301424262551514,6.674245574823752,44.93306100217865,4.084444444444444,28.123680555555556,2.9910360494848875,1.5828357892726805,2.653754218745738,0.6446552024795945,0.5184576226945375,0.2986867795961659,0.5635204860900496,4.116777777777771,28.036680555555566,46.65923989188043,104.86645833333333,7.786260153553787,292.51334092881945,0.0,0.0,0.0
train/sample_0313.jpg,31.515,126.27729166666667,105.03069444444445,68.70611111111111,5.776892272805834,7.42462322770079,9.835516220361313,19.042638888888888,116.40979166666666,126.27729166666667,0.8286459722803787,11.358772978084792,5.776892272805834,45.665631808278874,3.115763888888889,23.564722222222223,2.750325903744943,1.0204173164970785,2.0708572917609525,0.6395654342955834,0.5319518164362779,0.34806115154483075,0.5727257400983228,3.1320972222222245,23.633722222222225,43.79511927597656,107.221875,7.118345378584791,234.25821330536266,0.0,0.0,0.0
train/sample_0314.jpg,31.515,139.5576388888889,117.0075,63.00152777777778,5.081503493897422,6.662202620005037,10.803471556211893,21.119791666666668,140.17694444444444,139.5576388888889,0.6665812119709739,13.173187060474636,5.081503493897422,50.2599128540305,1.7125694444444444,32.83979166666666,2.4582472858018343,0.9974037453752518,2.8990827018477376,0.7057775968406811,0.5912176956451438,0.31883418044452394,0.6285642198510255,1.6985694444444344,32.769458333333326,44.67337939794549,117.58305555555556,6.566500979062189,184.60000566647375,0.0,0.0,0.0
train/sample_0315.jpg,31.818,127.57493055555555,106.1607638888889,63.933125,6.17937401276382,7.6151750526922575,9.43438082882333,19.912430555555556,127.7129861111111,127.57493055555555,0.9166126851740798,10.809122856016842,6.17937401276382,46.037772331154684,2.5815972222222223,26.80270833333333,2.8162108707197304,1.0045080078177882,2.008428323739043,0.6455175809360607,0.537503804365865,0.3237808799846043,0.5774346772254285,2.7932638888888954,26.573708333333318,44.88211568870181,107.76166666666667,7.326663823172029,260.6237958140432,0.0,0.0,0.0
train/sample_0316.jpg,31.818,125.81520833333333,103.68722222222222,64.26597222222222,7.4620208266732835,9.1138297265176,11.786230567879866,19.448194444444443,125.42048611111112,125.81520833333333,0.7299806435578235,12.269465703631449,7.4620208266732835,45.15694444444444,3.2557638888888887,25.565208333333334,3.3946716083375033,0.9959996931204285,2.2060329114945727,0.6361950644377248,0.5255147954052194,0.32553193584970436,0.5664759422390723,3.0804305555555613,25.506208333333337,45.144434029592595,105.96284722222222,8.837416993417694,373.3697008053626,0.0,0.0,0.0
train/sample_0317.jpg,31.818,128.4332638888889,107.82555555555555,63.94506944444444,6.816727111576435,8.230632972973634,11.11885145300813,20.466458333333332,128.52895833333332,128.4332638888889,0.7439477736578435,12.231090633365117,6.816727111576435,46.54842047930283,2.0594444444444444,27.57138888888889,3.0855224907377496,0.9952357187131444,2.42046558053264,0.6495035444853136,0.545527727231077,0.32416368838908277,0.5831864839620288,2.0411111111110993,27.43238888888888,44.771315071231555,109.16645833333334,8.04042736294654,308.6287450617284,0.0,0.0,0.0
train/sample_0318.jpg,32.121,123.894375,103.93798611111112,63.92930555555556,6.82534260625151,7.926772591794987,10.549954031809548,20.113541666666666,123.74659722222222,123.894375,1.1874154757931488,12.531616497173163,6.82534260625151,44.9943082788671,2.2247916666666665,25.540277777777778,2.9857112454521495,1.3852233417746116,2.386487407270721,0.6271449940016097,0.5263828889890514,0.3233684992036113,0.5641110473771186,2.2317916666666715,25.651277777777782,45.16865335496874,105.37375,7.732446417801204,299.84399301215274,0.0,0.0,0.0
train/sample_0319.jpg,32.121,127.984375,104.90388888888889,69.09423611111112,7.177595757590072,8.72816713538423,11.351893875269722,18.295416666666668,117.85444444444444,127.984375,0.8647132432521178,11.859603807426922,7.177595757590072,45.80065359477124,4.074791666666667,23.59236111111111,3.2562354540647225,0.9938159263596609,2.286815467131066,0.6479948103455551,0.5310684029670328,0.3497226421418601,0.5740126082084418,3.992125000000013,23.618027777777776,43.808306793078415,107.78340277777778,8.480571887096678,325.4453448881173,0.0,0.0,0.0
train/sample_0320.jpg,32.121,118.31847222222223,100.13979166666667,60.24548611111111,6.240957271597528,7.398609100585385,9.944014135389017,20.491458333333334,125.68958333333333,118.31847222222223,0.8206937011099612,11.938605787935883,6.240957271597528,43.27317538126362,1.5890277777777777,25.37125,2.831795296987407,0.9085193383287359,2.1309768479241833,0.6000662973400481,0.5062499894678483,0.3048536648995355,0.5420909942926263,1.8613611111111135,25.35325,46.57249016012506,100.93375,7.292360907426803,264.4201659722222,0.0,0.0,0.0
